name_before,name_after,numberPins_before,numberPins_drawn,pins_per_row_drawn,norwe_type_code,datasheetUrl
Bobbin EE 10 horizontal 6-pin (Norwe 09650-106),Bobbin EE 10 horizontal 8-pin (Norwe 09650-106),6,8,4+4,EE 10/1k/6-6/2.54-dd/A RV250 nat. on request,https://www.norwe.eu/katalogbilder/001/09650a01.pdf
Bobbin EE 10 horizontal 6-pin 2-chamber (Norwe N0100-106),Bobbin EE 10 horizontal 8-pin 2-chamber (Norwe N0100-106),6,8,4+4,EE 10/1k/6-6/2.54-dd/A RV250 nat. on request,https://www.norwe.eu/katalogbilder/001/09650a01.pdf
Bobbin EE 12.6 horizontal 6-pin 2.54mm (Norwe 09770-106),Bobbin EE 12.6 horizontal 10-pin 2.54mm (Norwe 09770-106),6,10,5+5,EE 12.6/1k/7-6/2.54-ee/A RV250 nat. Spring-Clip SB-EF 12.6,https://www.norwe.eu/katalogbilder/001/09770a01.pdf
Bobbin EE 12.6 horizontal 6-pin 2.54mm 2-chamber (Norwe 09771-106),Bobbin EE 12.6 horizontal 10-pin 2.54mm 2-chamber (Norwe 09771-106),6,10,5+5,EE 12.6/1k/7-6/2.54-ee/A RV250 nat. Spring-Clip SB-EF 12.6,https://www.norwe.eu/katalogbilder/001/09770a01.pdf
Bobbin EE 12.6 horizontal longer-creepage 6-pin 2.54mm (Norwe N0136-106),Bobbin EE 12.6 horizontal longer-creepage 10-pin 2.54mm (Norwe N0136-106),6,10,5+5,EE 12.6/1k/K9.5/7-6/2.54-eg/A RV250 nat. N0136-106 Spring-Clip SB-EF 12.6,https://www.norwe.eu/katalogbilder/001/n0136a01.pdf
Bobbin EE 12.6 horizontal longer-creepage 6-pin 2.54mm 2-chamber (Norwe N0137-106),Bobbin EE 12.6 horizontal longer-creepage 10-pin 2.54mm 2-chamber (Norwe N0137-106),6,10,5+5,EE 12.6/2k/K9.5/7-6/2.54-eg/A RV250 nat. N0137-106,https://www.norwe.eu/katalogbilder/001/n0137a01.pdf
Bobbin EE 12.6-5 horizontal 6-pin (Norwe 09760-024),Bobbin EE 12.6-5 horizontal 10-pin (Norwe 09760-024),6,10,5+5,EE 12.6-5/1k/6-6/2.5-ee/p6g Snap-on Potting Box EE 12.6,https://www.norwe.eu/katalogbilder/001/09760a01.pdf
Bobbin EE 16 horizontal 6-pin 2.54mm (Norwe 09860-024),Bobbin EE 16 horizontal 10-pin 2.54mm (Norwe 09860-024),6,10,5+5,EE 16/1k/7-6/2.54-eg/p6g Snap-on Potting Box EE 16,https://www.norwe.eu/katalogbilder/001/09860a01.pdf
Bobbin EE 16 horizontal 6-pin 2.54mm A3X2G10 (Norwe 09870-181),Bobbin EE 16 horizontal 14-pin 2.54mm A3X2G10 (Norwe 09870-181),6,14,7+7,"EE 16/1k/7-6/2.54-gg/A3X2G10,sw 09870-181 Snap-on Potting Box EE 16",https://www.norwe.eu/katalogbilder/001/09870a01.pdf
Bobbin EE 16 horizontal 6-pin 2.5mm (Norwe 09823-106),Bobbin EE 16 horizontal 10-pin 2.5mm (Norwe 09823-106),6,10,5+5,EE 16/1k/7-6/2.5-ef/A RV250 nat. 09823-106 Snap-on Potting Box EE 16,https://www.norwe.eu/katalogbilder/001/09823a01.pdf
Bobbin EE 16 horizontal 6-pin 2.5mm 2-chamber (Norwe 09824-106),Bobbin EE 16 horizontal 10-pin 2.5mm 2-chamber (Norwe 09824-106),6,10,5+5,EE 16/2k/7-6/2.5-ef/A RV250 nat. 09824-106 Spring-Clip SB-EF 16,https://www.norwe.eu/katalogbilder/001/09823a01.pdf
Bobbin EE 16 horizontal 6-pin 3.81mm-de (Norwe 09867-106),Bobbin EE 16 horizontal 8-pin 3.81mm-de (Norwe 09867-106),6,8,4+4,EE 16/1k/7-6/3.81-de/A RV250 nat. Snap-on Potting Box EE 16,https://www.norwe.eu/katalogbilder/001/09867a01.pdf
Bobbin EE 16 horizontal 6-pin 3.81mm-de 2-chamber (Norwe 09868-106),Bobbin EE 16 horizontal 8-pin 3.81mm-de 2-chamber (Norwe 09868-106),6,8,4+4,EE 16/1k/7-6/3.81-de/A RV250 nat. Snap-on Potting Box EE 16,https://www.norwe.eu/katalogbilder/001/09867a01.pdf
Bobbin EE 16 horizontal 8-pin 3.75mm (Norwe 09825-024),Bobbin EE 16 horizontal 6-pin 3.75mm (Norwe 09825-024),8,6,3+3,EE 16/1k/5-8/3.75-c(12.5)/p6g Potting Box EE 16,https://www.norwe.eu/katalogbilder/001/09825a01.pdf
Bobbin EE 16 horizontal longer-creepage 6-pin 2.5mm (Norwe 09863-106),Bobbin EE 16 horizontal longer-creepage 10-pin 2.5mm (Norwe 09863-106),6,10,5+5,EE 16/1k/K9/7-6/2.5-eh/A RV250 nat. 09863-106 Spring-Clip SB-EF 16,https://www.norwe.eu/katalogbilder/001/09863a01.pdf
Bobbin EE 16 horizontal longer-creepage 6-pin 2.5mm 2-chamber (Norwe 09864-106),Bobbin EE 16 horizontal longer-creepage 10-pin 2.5mm 2-chamber (Norwe 09864-106),6,10,5+5,EE 16/2k/K9/7-6/2.5-eh/A RV250 nat. 09864-106,https://www.norwe.eu/katalogbilder/001/09864a01.pdf
Bobbin EE 16 vertical 6-pin 3.81mm (Norwe 09875-106),Bobbin EE 16 vertical 8-pin 3.81mm (Norwe 09875-106),6,8,4+4,EE 16/1k/9-6/3.81-d(8.89)/A RV250 nat. Spring-Clip SB-EF 16,https://www.norwe.eu/katalogbilder/001/09875a01.pdf
Bobbin EE 16 vertical longer-creepage 6-pin 3.81mm (Norwe 09895-106),Bobbin EE 16 vertical longer-creepage 8-pin 3.81mm (Norwe 09895-106),6,8,4+4,EE 16/1k/K10/9-6/3.81-d(12.7)/A RV250 nat. 09895-106 Spring-Clip SB-EF 16,https://www.norwe.eu/katalogbilder/001/09895a01.pdf
Bobbin EE 16 vertical longer-creepage 6-pin 3.81mm 2-chamber (Norwe 09896-106),Bobbin EE 16 vertical longer-creepage 8-pin 3.81mm 2-chamber (Norwe 09896-106),6,8,4+4,EE 16/2k/K10/9-6/3.81-d(12.7)/A RV250 nat. 09896-106,https://www.norwe.eu/katalogbilder/001/09896a01.pdf
Bobbin EE 20 horizontal 8-pin 3.81mm (Norwe 09985-106),Bobbin EE 20 horizontal 10-pin 3.81mm (Norwe 09985-106),8,10,5+5,EE 20/1k/7-8/3.81-ee/A RV250 nat. Spring-Clip SB-EF/E 20,https://www.norwe.eu/katalogbilder/001/09985a01.pdf
Bobbin EE 20 horizontal 8-pin 3.81mm 2-chamber (Norwe 09986-106),Bobbin EE 20 horizontal 10-pin 3.81mm 2-chamber (Norwe 09986-106),8,10,5+5,EE 20/1k/7-8/3.81-ee/A RV250 nat. Spring-Clip SB-EF/E 20,https://www.norwe.eu/katalogbilder/001/09985a01.pdf
Bobbin EE 20 vertical 8-pin 3.81mm (Norwe 09987-106),Bobbin EE 20 vertical 10-pin 3.81mm (Norwe 09987-106),8,10,5+5,EE 20/1k/9-8/3.81-e(10.16)/A RV250 nat. 09987-106 Spring-Clip SB-EF/E 20,https://www.norwe.eu/katalogbilder/001/09987a01.pdf
Bobbin EE 20 vertical 8-pin 3.81mm 2-chamber (Norwe 09988-106),Bobbin EE 20 vertical 10-pin 3.81mm 2-chamber (Norwe 09988-106),8,10,5+5,EE 20/2k/9-8/3.81-e(10.16)/A RV250 nat. 09988-106,https://www.norwe.eu/katalogbilder/001/09987a01.pdf
Bobbin EE 25 horizontal 8-pin 5.08mm (Norwe 10220-024),Bobbin EE 25 horizontal 10-pin 5.08mm (Norwe 10220-024),8,10,5+5,EE 25/1k/7-8/5.08-ii/p6g Potting Box EE 25,https://www.norwe.eu/katalogbilder/001/10220a01.pdf
Bobbin EE 25 horizontal 8-pin 5.08mm 2-chamber (Norwe 10221-024),Bobbin EE 25 horizontal 10-pin 5.08mm 2-chamber (Norwe 10221-024),8,10,5+5,EE 25/1k/7-8/5.08-ii/p6g Potting Box EE 25,https://www.norwe.eu/katalogbilder/001/10220a01.pdf
Bobbin EE 25 horizontal 8-pin 5.08mm-a (Norwe 10225-024),Bobbin EE 25 horizontal 10-pin 5.08mm-a (Norwe 10225-024),8,10,5+5,EE 25/1k/a7-8/5.08-ii/p6g Snap-on Cap EE 25,https://www.norwe.eu/katalogbilder/001/10225a01.pdf
Bobbin EE 25 horizontal 8-pin 5.08mm-a 2-chamber (Norwe 10227-024),Bobbin EE 25 horizontal 10-pin 5.08mm-a 2-chamber (Norwe 10227-024),8,10,5+5,EE 25/1k/a7-8/5.08-ii/p6g Snap-on Cap EE 25,https://www.norwe.eu/katalogbilder/001/10225a01.pdf
Bobbin EE 25 horizontal 8-pin 5.08mm-b 2-chamber (Norwe 10176-106),Bobbin EE 25 horizontal 10-pin 5.08mm-b 2-chamber (Norwe 10176-106),8,10,5+5,EE 25/1k/d7-8/5.08-ii/A RV250 nat. Snap-on Cap EE 25,https://www.norwe.eu/katalogbilder/001/10175a01.pdf
Bobbin EE 25 horizontal 8-pin 5.08mm-d (Norwe 10175-106),Bobbin EE 25 horizontal 10-pin 5.08mm-d (Norwe 10175-106),8,10,5+5,EE 25/1k/d7-8/5.08-ii/A RV250 nat. Snap-on Cap EE 25,https://www.norwe.eu/katalogbilder/001/10175a01.pdf
Bobbin EE 25 horizontal longer-creepage 8-pin 5.08mm (Norwe 10165-106),Bobbin EE 25 horizontal longer-creepage 10-pin 5.08mm (Norwe 10165-106),8,10,5+5,EE 25/1k/K12/7-8/5.08-ik/A RV250 nat. 10165-106 Snap-on Cap EE 25/FG,https://www.norwe.eu/katalogbilder/001/10165a01.pdf
Bobbin EE 25 horizontal longer-creepage 8-pin 5.08mm 2-chamber (Norwe 10166-106),Bobbin EE 25 horizontal longer-creepage 10-pin 5.08mm 2-chamber (Norwe 10166-106),8,10,5+5,EE 25/2k/K12/7-8/5.08-ik/A RV250 nat. 10166-106 Spring-Clip SB-EF 25,https://www.norwe.eu/katalogbilder/001/10166a01.pdf
Bobbin EE 25 vertical 8-pin 5.08mm (Norwe 10156-106),Bobbin EE 25 vertical 10-pin 5.08mm (Norwe 10156-106),8,10,5+5,EE 25/1k/9-8/5.08-if/A RV250 nat. 10156-106 Latching-Clip FB-EF 25,https://www.norwe.eu/katalogbilder/001/10156a01.pdf
Bobbin EE 25 vertical 8-pin 5.0mm-a3 (Norwe 10141-024),Bobbin EE 25 vertical 6-pin 5.0mm-a3 (Norwe 10141-024),8,6,3+3,EE 25/1k/a3-8/5.0-ef/p6g 10141-024 on request,https://www.norwe.eu/katalogbilder/001/10141a01.pdf
Bobbin EE 25 vertical 8-pin 5.0mm-a5 (Norwe 10151-024),Bobbin EE 25 vertical 6-pin 5.0mm-a5 (Norwe 10151-024),8,6,3+3,EE 25/1k/a5-8/5.0-ef/p6g 10151-024 on request,https://www.norwe.eu/katalogbilder/001/10151a01.pdf
Bobbin EE 25 vertical 8-pin 5.0mm-a5 2-chamber (Norwe 10162-024),Bobbin EE 25 vertical 6-pin 5.0mm-a5 2-chamber (Norwe 10162-024),8,6,3+3,EE 25/2k/a5-8/5.0-ef/p6g 10162-024,https://www.norwe.eu/katalogbilder/001/10151a01.pdf
Bobbin EE 25 vertical longer-creepage 8-pin 5.08mm (Norwe N0202-106),Bobbin EE 25 vertical longer-creepage 10-pin 5.08mm (Norwe N0202-106),8,10,5+5,EE 25/1k/K13.5/9-8/5.08-ih/A RV250 nat. N0202-106 onrequest Spring-Clip SB-EF 25,https://www.norwe.eu/katalogbilder/001/n0202a01.pdf
Bobbin EE 25 vertical longer-creepage 8-pin 5.08mm 2-chamber (Norwe N0203-106),Bobbin EE 25 vertical longer-creepage 10-pin 5.08mm 2-chamber (Norwe N0203-106),8,10,5+5,EE 25/2k/K13.5/9-8/5.08-ih/A RV250 nat. N0203-106 onrequest Latching-Clip FB-EF 25,https://www.norwe.eu/katalogbilder/001/n0203a01.pdf
Bobbin EE 32 horizontal 8-pin 5.08mm (Norwe 10750-024),Bobbin EE 32 horizontal 12-pin 5.08mm (Norwe 10750-024),8,12,6+6,EE 32/1k/a7-8/5.08-kk/p6g Potting Box EF 32,https://www.norwe.eu/katalogbilder/001/10750a01.pdf
Bobbin EE 32 horizontal 8-pin 5.08mm 2-chamber (Norwe 10752-024),Bobbin EE 32 horizontal 12-pin 5.08mm 2-chamber (Norwe 10752-024),8,12,6+6,EE 32/1k/a7-8/5.08-kk/p6g Potting Box EF 32,https://www.norwe.eu/katalogbilder/001/10750a01.pdf
Bobbin EE 32 horizontal 8-pin 5.08mm 2-chamber-s (Norwe 10751-024),Bobbin EE 32 horizontal 12-pin 5.08mm 2-chamber-s (Norwe 10751-024),8,12,6+6,EE 32/1k/a7-8/5.08-kk/p6g Potting Box EF 32,https://www.norwe.eu/katalogbilder/001/10750a01.pdf
Bobbin EE 32 horizontal 8-pin 5.08mm-mk (Norwe 10567-106),Bobbin EE 32 horizontal 14-pin 5.08mm-mk (Norwe 10567-106),8,14,7+7,EE 32/1k/7-8/5.08-mk/A RV250 nat. Spring-Clip SB-EF 32,https://www.norwe.eu/katalogbilder/001/10567a01.pdf
Bobbin EE 32 horizontal 8-pin 5.08mm-mk 2-chamber (Norwe 10568-106),Bobbin EE 32 horizontal 14-pin 5.08mm-mk 2-chamber (Norwe 10568-106),8,14,7+7,EE 32/1k/7-8/5.08-mk/A RV250 nat. Spring-Clip SB-EF 32,https://www.norwe.eu/katalogbilder/001/10567a01.pdf
Bobbin EE 32 vertical 8-pin 7.5mm (Norwe 10560-024),Bobbin EE 32 vertical 6-pin 7.5mm (Norwe 10560-024),8,6,3+3,EE 32/1k/3-8/7.5-gg/p6g 10560-024 on request,https://www.norwe.eu/katalogbilder/001/10560a01.pdf
Bobbin EER 54L horizontal 20-pin (Norwe N0039-186),Bobbin EER 54L horizontal 22-pin (Norwe N0039-186),20,22,11+11,EER 54L/h22/-8/SKYT.5220FR onrequest on request,https://www.norwe.eu/katalogbilder/002/n0039a01.pdf
Bobbin EFD 15 6-pin 3.75mm (Norwe 94320-087),Bobbin EFD 15 8-pin 3.75mm (Norwe 94320-087),6,8,4+4,EFD 15/1k/8-6/3.75/rtg Clip SB-EFD 15,https://www.norwe.eu/katalogbilder/008/94320a01.pdf
Bobbin EFD 15 6-pin 3.75mm 3-chamber (Norwe N0180-087),Bobbin EFD 15 8-pin 3.75mm 3-chamber (Norwe N0180-087),6,8,4+4,EFD 15/1k/8-6/3.75/rtg Clip SB-EFD 15,https://www.norwe.eu/katalogbilder/008/94320a01.pdf
Bobbin EP 10 6-pin 2.54mm (Norwe 90084-087),Bobbin EP 10 8-pin 2.54mm (Norwe 90084-087),6,8,4+4,EP 10/1k/8-6/2.54-dd/rtg 90084-087 Spring-Clip SB-EP 10,https://www.norwe.eu/katalogbilder/009/90084a01.pdf
Bobbin EP 10 6-pin 2.54mm 2-chamber (Norwe 90085-087),Bobbin EP 10 8-pin 2.54mm 2-chamber (Norwe 90085-087),6,8,4+4,EP 10/2k/8-6/2.54-dd/rtg 90085-087,https://www.norwe.eu/katalogbilder/009/90084a01.pdf
Bobbin EP 13 6-pin 2.54mm (Norwe 90062-087),Bobbin EP 13 10-pin 2.54mm (Norwe 90062-087),6,10,5+5,EP 13/1k/10-6/2.54-ee/rtg 90062-087 Spring-Clip SB-EP 13,https://www.norwe.eu/katalogbilder/009/90062a01.pdf
Bobbin EP 13 6-pin 2.54mm 2-chamber (Norwe 90063-087),Bobbin EP 13 10-pin 2.54mm 2-chamber (Norwe 90063-087),6,10,5+5,EP 13/2k/10-6/2.54-ee/rtg 90063-087,https://www.norwe.eu/katalogbilder/009/90062a01.pdf
Bobbin EP 17 6-pin 5.08mm (Norwe 90064-087),Bobbin EP 17 8-pin 5.08mm (Norwe 90064-087),6,8,4+4,EP 17/1k/8-6/5.08-gg/rtg 90064-087 Spring-Clip SB-EP 17,https://www.norwe.eu/katalogbilder/009/90067a01.pdf
Bobbin EP 17 6-pin 5.08mm 2-chamber (Norwe N0200-087),Bobbin EP 17 8-pin 5.08mm 2-chamber (Norwe N0200-087),6,8,4+4,EP 17/2k/8-6/5.08-gg/rtg N0200-087,https://www.norwe.eu/katalogbilder/009/90067a01.pdf
Bobbin EP 20 6-pin 5.08mm (Norwe 90069-087),Bobbin EP 20 10-pin 5.08mm (Norwe 90069-087),6,10,5+5,EP 20/1k/10-6/5.08-ih/rtg 90069-087 Spring-Clip SB-EP 20,https://www.norwe.eu/katalogbilder/009/90086a01.pdf
Bobbin EP 20 6-pin 5.08mm 2-chamber (Norwe N0201-087),Bobbin EP 20 10-pin 5.08mm 2-chamber (Norwe N0201-087),6,10,5+5,EP 20/2k/10-6/5.08-ih/rtg N0201-087,https://www.norwe.eu/katalogbilder/009/90086a01.pdf
Bobbin EP 20 8-pin 5.08mm (Norwe 90086-087),Bobbin EP 20 10-pin 5.08mm (Norwe 90086-087),8,10,5+5,EP 20/1k/10-8/5.08-ih/rtg 90086-087,https://www.norwe.eu/katalogbilder/009/90086a01.pdf
Bobbin EP 20 8-pin 5.08mm 2-chamber (Norwe 90087-087),Bobbin EP 20 10-pin 5.08mm 2-chamber (Norwe 90087-087),8,10,5+5,EP 20/2k/10-8/5.08-ih/rtg 90087-087,https://www.norwe.eu/katalogbilder/009/90086a01.pdf
Bobbin M 30a vertical 8-pin 5.08mm (Norwe 00635-106),Bobbin M 30a vertical 12-pin 5.08mm (Norwe 00635-106),8,12,6+6,M 30a/1k/9-8/5.08-kg/A RV250 nat. 00635-106 Latching-Clip FB-E 30,https://www.norwe.eu/katalogbilder/001/00635a01.pdf
Bobbin M 30a vertical 8-pin 5.08mm 2-chamber (Norwe N0116-106),Bobbin M 30a vertical 12-pin 5.08mm 2-chamber (Norwe N0116-106),8,12,6+6,M 30a/2k/9-8/5.08-kg/A RV250 nat. N0116-106 onrequest Spring-Clip SB-E 30,https://www.norwe.eu/katalogbilder/001/00635a01.pdf
Bobbin M 30a vertical 8-pin 7.5mm (Norwe 00630-106),Bobbin M 30a vertical 6-pin 7.5mm (Norwe 00630-106),8,6,3+3,M 30a/1k/9-8/7.5-gf/A RV250 nat. Latching-Clip FB-E 30,https://www.norwe.eu/katalogbilder/001/00630a01.pdf
Bobbin M 30a vertical 8-pin 7.5mm 2-chamber (Norwe 00631-106),Bobbin M 30a vertical 6-pin 7.5mm 2-chamber (Norwe 00631-106),8,6,3+3,M 30a/1k/9-8/7.5-gf/A RV250 nat. Latching-Clip FB-E 30,https://www.norwe.eu/katalogbilder/001/00630a01.pdf
Bobbin M 42 vertical 8-pin 5.0mm (Norwe 01420-024),Bobbin M 42 vertical 12-pin 5.0mm (Norwe 01420-024),8,12,6+6,M 42/1k/4-8/5.0-km/p6g 01420-024 on request,https://www.norwe.eu/katalogbilder/001/01420a01.pdf
Bobbin M 42 vertical 8-pin 5.0mm 2-chamber (Norwe 01421-024),Bobbin M 42 vertical 12-pin 5.0mm 2-chamber (Norwe 01421-024),8,12,6+6,M 42/2k/4-8/5.0-km/p6g 01421-024,https://www.norwe.eu/katalogbilder/001/01420a01.pdf
Bobbin M 42 vertical 8-pin 5.0mm-a (Norwe 01400-024),Bobbin M 42 vertical 12-pin 5.0mm-a (Norwe 01400-024),8,12,6+6,M 42/1k/a4-8/5.0-km/p6g on request,https://www.norwe.eu/katalogbilder/001/01400a01.pdf
Bobbin M 55 vertical 8-pin 5.0mm (Norwe 01660-024),Bobbin M 55 vertical 14-pin 5.0mm (Norwe 01660-024),8,14,7+7,M 55/1k/4-8/5.0-mq/p6g on request,https://www.norwe.eu/katalogbilder/001/01660a01.pdf
Bobbin M 55 vertical 8-pin 5.0mm-9 (Norwe 92055-106),Bobbin M 55 vertical 24-pin 5.0mm-9 (Norwe 92055-106),8,24,12+12,M 55/1k/9-8/5.0-wm/A RV250 nat.,https://www.norwe.eu/katalogbilder/001/92055a01.pdf
Bobbin PQ 16-11 6-pin (Norwe 90820-186),Bobbin PQ 16-11 8-pin (Norwe 90820-186),6,8,4+4,PQ 16-11/1k/-6/gh/SKYT.5220FR 90820-186 on request,https://www.norwe.eu/katalogbilder/004/90820a01.pdf
Bobbin PQ 32-20 8-pin (Norwe 90366-186),Bobbin PQ 32-20 12-pin (Norwe 90366-186),8,12,6+6,PQ 32-20/1k/-8/lm/SKYT.5220FR 90366-186 on request,https://www.norwe.eu/katalogbilder/004/90366a01.pdf
Bobbin PQ 32-20 8-pin 2-chamber (Norwe 90832-186),Bobbin PQ 32-20 12-pin 2-chamber (Norwe 90832-186),8,12,6+6,PQ 32-20/2k/-8/lm/SKYT.5220FR 90832-186,https://www.norwe.eu/katalogbilder/004/90832a01.pdf
Bobbin PQ 32-30 8-pin (Norwe 90367-186),Bobbin PQ 32-30 12-pin (Norwe 90367-186),8,12,6+6,PQ 32-30/1k/-8/lm/SKYT.5220FR 90367-186 on request,https://www.norwe.eu/katalogbilder/004/90367a01.pdf
Bobbin PQ 32-30 8-pin 2-chamber (Norwe 90833-186),Bobbin PQ 32-30 12-pin 2-chamber (Norwe 90833-186),8,12,6+6,PQ 32-30/2k/-8/lm/SKYT.5220FR 90833-186,https://www.norwe.eu/katalogbilder/004/90833a01.pdf
Bobbin PQ 40-40 8-pin (Norwe 90370-186),Bobbin PQ 40-40 12-pin (Norwe 90370-186),8,12,6+6,PQ 40-40/1k/-8/op/SKYT.5220FR 90370-186 on request,https://www.norwe.eu/katalogbilder/004/90370a01.pdf
Bobbin PQ 40-40 8-pin 2-chamber (Norwe N0510-186),Bobbin PQ 40-40 12-pin 2-chamber (Norwe N0510-186),8,12,6+6,PQ 40-40/2k/-8/op/SKYT.5220FR N0510-186 onrequest,https://www.norwe.eu/katalogbilder/004/n0510a01.pdf
