bobbin,url_before,url_after,fix,commit
Bobbin EC 35 CO (Norwe N0174-024),https://www.norwe.eu/katalogbilder/005/N0174a01.pdf,https://www.norwe.eu/katalogbilder/005/n0174a01.pdf,case / file name,1714d5b
Bobbin EC 70 CO (Norwe N0175-024),https://www.norwe.eu/katalogbilder/005/N0175a01.pdf,https://www.norwe.eu/katalogbilder/005/n0175a01.pdf,case / file name,1714d5b
Bobbin EC 90 CO (Norwe N0143-024),https://www.norwe.eu/katalogbilder/005/N0143a01.pdf,https://www.norwe.eu/katalogbilder/005/n0143a01.pdf,case / file name,1714d5b
Bobbin ECU 52 horizontal (Norwe N0170-024),https://www.norwe.eu/katalogbilder/005/N0170a01.pdf,https://www.norwe.eu/katalogbilder/005/n0170a01.pdf,case / file name,1714d5b
Bobbin ECU 52 vertical (Norwe N0172-024),https://www.norwe.eu/katalogbilder/005/N0172a01.pdf,https://www.norwe.eu/katalogbilder/005/n0172a01.pdf,case / file name,1714d5b
Bobbin ECU 70 horizontal (Norwe N0171-024),https://www.norwe.eu/katalogbilder/005/N0171a01.pdf,https://www.norwe.eu/katalogbilder/005/n0171a01.pdf,case / file name,1714d5b
Bobbin ECU 70 vertical (Norwe N0173-024),https://www.norwe.eu/katalogbilder/005/N0173a01.pdf,https://www.norwe.eu/katalogbilder/005/n0173a01.pdf,case / file name,1714d5b
Bobbin EE 10 horizontal 6-pin 2-chamber (Norwe N0100-106),https://www.norwe.eu/katalogbilder/001/N0100a01.pdf,https://www.norwe.eu/katalogbilder/001/09650a01.pdf,sibling sheet lists the order code (PDF text),this commit
Bobbin EE 12.6 horizontal 6-pin 2.54mm 2-chamber (Norwe 09771-106),https://www.norwe.eu/katalogbilder/001/09771a01.pdf,https://www.norwe.eu/katalogbilder/001/09770a01.pdf,sibling sheet lists the order code (PDF text),this commit
Bobbin EE 12.6 horizontal 6-pin 5mm 2-chamber (Norwe 09741-106),https://www.norwe.eu/katalogbilder/001/09741a01.pdf,https://www.norwe.eu/katalogbilder/001/09740a01.pdf,sibling sheet lists the order code (PDF text),this commit
Bobbin EE 12.6 horizontal 6-pin 5mm 2-chamber-s (Norwe 09742-106),https://www.norwe.eu/katalogbilder/001/09742a01.pdf,https://www.norwe.eu/katalogbilder/001/09740a01.pdf,sibling sheet lists the order code (PDF text),this commit
Bobbin EE 12.6 horizontal 8-pin 2-chamber (Norwe 09751-047),https://www.norwe.eu/katalogbilder/001/09751a01.pdf,https://www.norwe.eu/katalogbilder/001/09750a01.pdf,sibling sheet lists the order code (PDF text),this commit
Bobbin EE 12.6 horizontal side-wrap 2.54mm 2-chamber (Norwe 92183-106),https://www.norwe.eu/katalogbilder/001/92183a01.pdf,https://www.norwe.eu/katalogbilder/001/92198a01.pdf,sibling sheet lists the order code (PDF text),this commit
Bobbin EE 12.6 vertical 6-pin 3.81mm 2-chamber (Norwe 09786-106),https://www.norwe.eu/katalogbilder/001/09786a01.pdf,https://www.norwe.eu/katalogbilder/001/09785a01.pdf,sibling sheet lists the order code (PDF text),this commit
Bobbin EE 16 horizontal 6-pin 2.5mm 2-chamber (Norwe 09824-106),https://www.norwe.eu/katalogbilder/001/09824a01.pdf,https://www.norwe.eu/katalogbilder/001/09823a01.pdf,sibling sheet lists the order code (PDF text),this commit
Bobbin EE 16 horizontal 6-pin 3.75mm 6-3k (Norwe 09822-024),https://www.norwe.eu/katalogbilder/001/09822a01.pdf,https://www.norwe.eu/katalogbilder/001/09820a01.pdf,sibling sheet lists the order code (PDF text),this commit
Bobbin EE 16 horizontal 6-pin 3.75mm Zen (Norwe N0099-243),https://www.norwe.eu/katalogbilder/001/N0099a01.pdf,https://www.norwe.eu/katalogbilder/001/n0099a01.pdf,case / file name,1714d5b
Bobbin EE 16 horizontal 6-pin 3.75mm variant-a (Norwe N0099-024),https://www.norwe.eu/katalogbilder/001/N0099a01.pdf,https://www.norwe.eu/katalogbilder/001/n0099a01.pdf,case / file name,1714d5b
Bobbin EE 16 horizontal 6-pin 3.81mm (Norwe N0101-106),https://www.norwe.eu/katalogbilder/001/N0101a01.pdf,https://www.norwe.eu/katalogbilder/001/n0101a01.pdf,case / file name,1714d5b
Bobbin EE 16 horizontal 6-pin 3.81mm 2-chamber (Norwe N0102-106),https://www.norwe.eu/katalogbilder/001/N0102a01.pdf,https://www.norwe.eu/katalogbilder/001/n0101a01.pdf,sibling sheet lists the order code (PDF text),this commit
Bobbin EE 16 horizontal 6-pin 3.81mm-de 2-chamber (Norwe 09868-106),https://www.norwe.eu/katalogbilder/001/09868a01.pdf,https://www.norwe.eu/katalogbilder/001/09867a01.pdf,sibling sheet lists the order code (PDF text),this commit
Bobbin EE 16 horizontal 6-pin 5.0mm 2-chamber (Norwe 09851-024),https://www.norwe.eu/katalogbilder/001/09851a01.pdf,https://www.norwe.eu/katalogbilder/001/09850a01.pdf,sibling sheet lists the order code (PDF text),this commit
Bobbin EE 16 vertical 6-pin 3.75mm 2-chamber (Norwe 09841-024),https://www.norwe.eu/katalogbilder/001/09841a01.pdf,https://www.norwe.eu/katalogbilder/001/09840a01.pdf,sibling sheet lists the order code (PDF text),this commit
Bobbin EE 16 vertical 6-pin 3.75mm-4 2-chamber (Norwe 92246-106),https://www.norwe.eu/katalogbilder/001/92246a01.pdf,https://www.norwe.eu/katalogbilder/001/92245a01.pdf,sibling sheet lists the order code (PDF text),this commit
Bobbin EE 16 vertical 6-pin 3.75mm-9 2-chamber (Norwe 09848-106),https://www.norwe.eu/katalogbilder/001/09848a01.pdf,https://www.norwe.eu/katalogbilder/001/09847a01.pdf,sibling sheet lists the order code (PDF text),this commit
Bobbin EE 20 horizontal 6-pin 2.5mm 2-chamber (Norwe N0105-106),https://www.norwe.eu/katalogbilder/001/N0105a01.pdf,https://www.norwe.eu/katalogbilder/001/10037a01.pdf,sibling sheet lists the order code (PDF text),this commit
Bobbin EE 20 horizontal 6-pin 2.5mm x2g5 2-chamber (Norwe 10046-017),https://www.norwe.eu/katalogbilder/001/10046a01.pdf,https://www.norwe.eu/katalogbilder/001/10045a01.pdf,sibling sheet lists the order code (PDF text),this commit
Bobbin EE 20 horizontal 6-pin 2.5mm-f 2-chamber (Norwe 10051-106),https://www.norwe.eu/katalogbilder/001/10051a01.pdf,https://www.norwe.eu/katalogbilder/001/10050a01.pdf,sibling sheet lists the order code (PDF text),this commit
Bobbin EE 20 horizontal 6-pin 2.5mm-g 2-chamber (Norwe 10056-106),https://www.norwe.eu/katalogbilder/001/10056a01.pdf,https://www.norwe.eu/katalogbilder/001/10055a01.pdf,sibling sheet lists the order code (PDF text),this commit
Bobbin EE 20 horizontal 6-pin 5.0mm 2-chamber (Norwe 09971-024),https://www.norwe.eu/katalogbilder/001/09971a01.pdf,https://www.norwe.eu/katalogbilder/001/09970a01.pdf,sibling sheet lists the order code (PDF text),this commit
Bobbin EE 20 horizontal 8-pin 3.81mm 2-chamber (Norwe 09986-106),https://www.norwe.eu/katalogbilder/001/09986a01.pdf,https://www.norwe.eu/katalogbilder/001/09985a01.pdf,sibling sheet lists the order code (PDF text),this commit
Bobbin EE 20 horizontal 8-pin 5.0mm (Norwe N0103-106),https://www.norwe.eu/katalogbilder/001/N0103a01.pdf,https://www.norwe.eu/katalogbilder/001/n0103a01.pdf,case / file name,1714d5b
Bobbin EE 20 horizontal 8-pin 5.0mm 2-chamber (Norwe 09951-024),https://www.norwe.eu/katalogbilder/001/09951a01.pdf,https://www.norwe.eu/katalogbilder/001/09950a01.pdf,sibling sheet lists the order code (PDF text),this commit
Bobbin EE 20 horizontal 8-pin 5.0mm 2-chamber (Norwe N0104-106),https://www.norwe.eu/katalogbilder/001/N0104a01.pdf,https://www.norwe.eu/katalogbilder/001/n0103a01.pdf,sibling sheet lists the order code (PDF text),this commit
Bobbin EE 20 horizontal 8-pin 5.0mm-a 2-chamber (Norwe 92038-024),https://www.norwe.eu/katalogbilder/001/92038a01.pdf,https://www.norwe.eu/katalogbilder/001/92059a01.pdf,sibling sheet lists the order code (PDF text),this commit
Bobbin EE 20 horizontal 8-pin 5.0mm-b 2-chamber (Norwe 09977-106),https://www.norwe.eu/katalogbilder/001/09977a01.pdf,https://www.norwe.eu/katalogbilder/001/09976a01.pdf,sibling sheet lists the order code (PDF text),this commit
Bobbin EE 20 horizontal 8-pin 5.0mm-gg 2-chamber (Norwe 09979-024),https://www.norwe.eu/katalogbilder/001/09979a01.pdf,https://www.norwe.eu/katalogbilder/001/09978a01.pdf,sibling sheet lists the order code (PDF text),this commit
Bobbin EE 20 horizontal solder-tags 2-chamber (Norwe 09921-024),https://www.norwe.eu/katalogbilder/001/09921a01.pdf,https://www.norwe.eu/katalogbilder/001/09920a01.pdf,sibling sheet lists the order code (PDF text),this commit
Bobbin EE 20 vertical 8-pin 3.81mm 2-chamber (Norwe 09988-106),https://www.norwe.eu/katalogbilder/001/09988a01.pdf,https://www.norwe.eu/katalogbilder/001/09987a01.pdf,sibling sheet lists the order code (PDF text),this commit
Bobbin EE 20 vertical 8-pin 5.0mm 2-chamber (Norwe 09931-024),https://www.norwe.eu/katalogbilder/001/09931a01.pdf,https://www.norwe.eu/katalogbilder/001/09930a01.pdf,sibling sheet lists the order code (PDF text),this commit
Bobbin EE 20 vertical 8-pin 5.0mm-9 2-chamber (Norwe 09947-106),https://www.norwe.eu/katalogbilder/001/09947a01.pdf,https://www.norwe.eu/katalogbilder/001/09946a01.pdf,sibling sheet lists the order code (PDF text),this commit
Bobbin EE 20 vertical longer-creepage 8-pin 3.81mm 2-chamber (Norwe N0199-106),https://www.norwe.eu/katalogbilder/001/N0199a01.pdf,https://www.norwe.eu/katalogbilder/001/10043a01.pdf,sibling sheet lists the order code (PDF text),this commit
Bobbin EE 20 vertical longer-creepage 8-pin 5.0mm (Norwe N0196-106),https://www.norwe.eu/katalogbilder/001/N0196a01.pdf,https://www.norwe.eu/katalogbilder/001/n0196a01.pdf,case / file name,1714d5b
Bobbin EE 20 vertical longer-creepage 8-pin 5.0mm 2-chamber (Norwe N0197-106),https://www.norwe.eu/katalogbilder/001/N0197a01.pdf,https://www.norwe.eu/katalogbilder/001/n0197a01.pdf,case / file name,1714d5b
Bobbin EE 25 horizontal 8-pin 5.08mm 2-chamber (Norwe 10221-024),https://www.norwe.eu/katalogbilder/001/10221a01.pdf,https://www.norwe.eu/katalogbilder/001/10220a01.pdf,sibling sheet lists the order code (PDF text),this commit
Bobbin EE 25 horizontal 8-pin 5.08mm-a 2-chamber (Norwe 10227-024),https://www.norwe.eu/katalogbilder/001/10227a01.pdf,https://www.norwe.eu/katalogbilder/001/10225a01.pdf,sibling sheet lists the order code (PDF text),this commit
Bobbin EE 25 horizontal 8-pin 5.08mm-b 2-chamber (Norwe 10176-106),https://www.norwe.eu/katalogbilder/001/10176a01.pdf,https://www.norwe.eu/katalogbilder/001/10175a01.pdf,sibling sheet lists the order code (PDF text),this commit
Bobbin EE 25 horizontal 8-pin 5.0mm 2-chamber (Norwe 10173-024),https://www.norwe.eu/katalogbilder/001/10173a01.pdf,https://www.norwe.eu/katalogbilder/001/10172a01.pdf,sibling sheet lists the order code (PDF text),this commit
Bobbin EE 25 horizontal 8-pin 5.0mm-gi 2-chamber (Norwe 10186-024),https://www.norwe.eu/katalogbilder/001/10186a01.pdf,https://www.norwe.eu/katalogbilder/001/10185a01.pdf,sibling sheet lists the order code (PDF text),this commit
Bobbin EE 25 horizontal solder-tags ll 2-chamber (Norwe 10112-024),https://www.norwe.eu/katalogbilder/001/10112a01.pdf,https://www.norwe.eu/katalogbilder/001/10110a01.pdf,sibling sheet lists the order code (PDF text),this commit
Bobbin EE 25 horizontal solder-tags ll 3-chamber (Norwe 10113-024),https://www.norwe.eu/katalogbilder/001/10113a01.pdf,https://www.norwe.eu/katalogbilder/001/10110a01.pdf,sibling sheet lists the order code (PDF text),this commit
Bobbin EE 25 vertical 8-pin 5.0mm-a5 2-chamber (Norwe 10162-024),https://www.norwe.eu/katalogbilder/001/10162a01.pdf,https://www.norwe.eu/katalogbilder/001/10151a01.pdf,sibling sheet lists the order code (PDF text),this commit
Bobbin EE 25 vertical 8-pin 7.5mm 2-chamber (Norwe 10341-106),https://www.norwe.eu/katalogbilder/001/10341a01.pdf,https://www.norwe.eu/katalogbilder/001/10340a01.pdf,sibling sheet lists the order code (PDF text),this commit
Bobbin EE 25 vertical longer-creepage 8-pin 5.08mm (Norwe N0202-106),https://www.norwe.eu/katalogbilder/001/N0202a01.pdf,https://www.norwe.eu/katalogbilder/001/n0202a01.pdf,case / file name,1714d5b
Bobbin EE 25 vertical longer-creepage 8-pin 5.08mm 2-chamber (Norwe N0203-106),https://www.norwe.eu/katalogbilder/001/N0203a01.pdf,https://www.norwe.eu/katalogbilder/001/n0203a01.pdf,case / file name,1714d5b
Bobbin EE 32 horizontal 8-pin 5.08mm 2-chamber (Norwe 10752-024),https://www.norwe.eu/katalogbilder/001/10752a01.pdf,https://www.norwe.eu/katalogbilder/001/10750a01.pdf,sibling sheet lists the order code (PDF text),this commit
Bobbin EE 32 horizontal 8-pin 5.08mm 2-chamber-s (Norwe 10751-024),https://www.norwe.eu/katalogbilder/001/10751a01.pdf,https://www.norwe.eu/katalogbilder/001/10750a01.pdf,sibling sheet lists the order code (PDF text),this commit
Bobbin EE 32 horizontal 8-pin 5.08mm-mk 2-chamber (Norwe 10568-106),https://www.norwe.eu/katalogbilder/001/10568a01.pdf,https://www.norwe.eu/katalogbilder/001/10567a01.pdf,sibling sheet lists the order code (PDF text),this commit
Bobbin EE 8 vertical 6-pin (Norwe N0106-106),https://www.norwe.eu/katalogbilder/001/N0106a01.pdf,https://www.norwe.eu/katalogbilder/001/n0106a01.pdf,case / file name,1714d5b
Bobbin EFD 15 6-pin 3.75mm 3-chamber (Norwe N0180-087),https://www.norwe.eu/katalogbilder/008/N0180a01.pdf,https://www.norwe.eu/katalogbilder/008/94320a01.pdf,sibling sheet lists the order code (PDF text),this commit
Bobbin EFD 15 8-pin 3.75mm (Norwe N0183-181),https://www.norwe.eu/katalogbilder/008/N0183a01.pdf,https://www.norwe.eu/katalogbilder/008/n0183a01.pdf,case / file name,1714d5b
Bobbin EFD 15 8-pin 3.75mm 3-chamber (Norwe N0184-181),https://www.norwe.eu/katalogbilder/008/N0184a01.pdf,https://www.norwe.eu/katalogbilder/008/n0183a01.pdf,sibling sheet lists the order code (PDF text),this commit
Bobbin EFD 20 6-pin 2.5mm 10-wire 3-chamber (Norwe N0182-087),https://www.norwe.eu/katalogbilder/008/N0182a01.pdf,https://www.norwe.eu/katalogbilder/008/94323a01.pdf,sibling sheet lists the order code (PDF text),this commit
Bobbin EFD 20 6-pin 2.5mm 3-chamber (Norwe N0181-087),https://www.norwe.eu/katalogbilder/008/N0181a01.pdf,https://www.norwe.eu/katalogbilder/008/94322a01.pdf,sibling sheet lists the order code (PDF text),this commit
Bobbin EFD 20 8-pin 2.5mm (Norwe N0185-181),https://www.norwe.eu/katalogbilder/008/N0185a01.pdf,https://www.norwe.eu/katalogbilder/008/n0185a01.pdf,case / file name,1714d5b
Bobbin EFD 20 8-pin 2.5mm 10-wire 3-chamber (Norwe N0187-181),https://www.norwe.eu/katalogbilder/008/N0187a01.pdf,https://www.norwe.eu/katalogbilder/008/94321a01.pdf,sibling sheet lists the order code (PDF text),this commit
Bobbin EFD 25 6-pin 2.5mm 3-chamber (Norwe 94328-087),https://www.norwe.eu/katalogbilder/008/94328a01.pdf,https://www.norwe.eu/katalogbilder/008/94324a01.pdf,sibling sheet lists the order code (PDF text),this commit
Bobbin EFD 25 8-pin 2.5mm 3-chamber (Norwe N0188-181),https://www.norwe.eu/katalogbilder/008/N0188a01.pdf,https://www.norwe.eu/katalogbilder/008/94325a01.pdf,sibling sheet lists the order code (PDF text),this commit
Bobbin EFD 30 6-pin 2.5mm 3-chamber (Norwe 94329-087),https://www.norwe.eu/katalogbilder/008/94329a01.pdf,https://www.norwe.eu/katalogbilder/008/94326a01.pdf,sibling sheet lists the order code (PDF text),this commit
Bobbin EFD 30 8-pin 2.5mm 3-chamber (Norwe N0189-181),https://www.norwe.eu/katalogbilder/008/N0189a01.pdf,https://www.norwe.eu/katalogbilder/008/94327a01.pdf,sibling sheet lists the order code (PDF text),this commit
Bobbin EP 10 6-pin 2.54mm 2-chamber (Norwe 90085-087),https://www.norwe.eu/katalogbilder/009/90085a01.pdf,https://www.norwe.eu/katalogbilder/009/90084a01.pdf,sibling sheet lists the order code (PDF text),this commit
Bobbin EP 13 6-pin 2.54mm 2-chamber (Norwe 90063-087),https://www.norwe.eu/katalogbilder/009/90063a01.pdf,https://www.norwe.eu/katalogbilder/009/90062a01.pdf,sibling sheet lists the order code (PDF text),this commit
Bobbin EP 17 6-pin 5.08mm (Norwe 90064-087),https://www.norwe.eu/katalogbilder/009/90064a01.pdf,https://www.norwe.eu/katalogbilder/009/90067a01.pdf,sibling sheet lists the order code (PDF text),this commit
Bobbin EP 17 6-pin 5.08mm 2-chamber (Norwe N0200-087),https://www.norwe.eu/katalogbilder/009/N0200a01.pdf,https://www.norwe.eu/katalogbilder/009/90067a01.pdf,sibling sheet lists the order code (PDF text),this commit
Bobbin EP 17 8-pin 5.08mm 2-chamber (Norwe 90068-087),https://www.norwe.eu/katalogbilder/009/90068a01.pdf,https://www.norwe.eu/katalogbilder/009/90067a01.pdf,sibling sheet lists the order code (PDF text),this commit
Bobbin EP 20 6-pin 5.08mm (Norwe 90069-087),https://www.norwe.eu/katalogbilder/009/90069a01.pdf,https://www.norwe.eu/katalogbilder/009/90086a01.pdf,sibling sheet lists the order code (PDF text),this commit
Bobbin EP 20 6-pin 5.08mm 2-chamber (Norwe N0201-087),https://www.norwe.eu/katalogbilder/009/N0201a01.pdf,https://www.norwe.eu/katalogbilder/009/90086a01.pdf,sibling sheet lists the order code (PDF text),this commit
Bobbin EP 20 8-pin 5.08mm 2-chamber (Norwe 90087-087),https://www.norwe.eu/katalogbilder/009/90087a01.pdf,https://www.norwe.eu/katalogbilder/009/90086a01.pdf,sibling sheet lists the order code (PDF text),this commit
Bobbin EP 7 6-pin 2.54mm 2-chamber (Norwe 90083-087),https://www.norwe.eu/katalogbilder/009/90083a01.pdf,https://www.norwe.eu/katalogbilder/009/90082a01.pdf,sibling sheet lists the order code (PDF text),this commit
Bobbin ETD 19 horizontal lr 10-pin (Norwe N0001-186),https://www.norwe.eu/katalogbilder/002/N0001a01.pdf,https://www.norwe.eu/katalogbilder/002/n0001a01.pdf,case / file name,1714d5b
Bobbin ETD 19 horizontal lr 2-chamber 10-pin (Norwe N0002-186),https://www.norwe.eu/katalogbilder/002/N0002a01.pdf,https://www.norwe.eu/katalogbilder/002/n0001a01.pdf,sibling sheet lists the order code (PDF text),this commit
Bobbin ETD 19 vertical 10-pin flanged (Norwe N0014-186),https://www.norwe.eu/katalogbilder/002/N0014a01.pdf,https://www.norwe.eu/katalogbilder/002/n0014a01.pdf,case / file name,1714d5b
Bobbin ETD 24 vertical 12-pin flanged (Norwe N0015-186),https://www.norwe.eu/katalogbilder/002/N0015a01.pdf,https://www.norwe.eu/katalogbilder/002/n0015a01.pdf,case / file name,1714d5b
Bobbin ETD 29 horizontal lr 12-pin (Norwe N0005-186),https://www.norwe.eu/katalogbilder/002/N0005a01.pdf,https://www.norwe.eu/katalogbilder/002/n0005a01.pdf,case / file name,1714d5b
Bobbin ETD 29 horizontal lr 2-chamber 12-pin (Norwe N0006-186),https://www.norwe.eu/katalogbilder/002/N0006a01.pdf,https://www.norwe.eu/katalogbilder/002/n0005a01.pdf,sibling sheet lists the order code (PDF text),this commit
Bobbin ETD 29 horizontal lr 2-chamber 13-pin (Norwe 90597-186),https://www.norwe.eu/katalogbilder/002/90597a01.pdf,https://www.norwe.eu/katalogbilder/002/90572a01.pdf,sibling sheet lists the order code (PDF text),this commit
Bobbin ETD 29 horizontal lr 2-chamber 14-pin (Norwe 90598-186),https://www.norwe.eu/katalogbilder/002/90598a01.pdf,https://www.norwe.eu/katalogbilder/002/90573a01.pdf,sibling sheet lists the order code (PDF text),this commit
Bobbin ETD 29 vertical 12-pin flanged (Norwe N0016-186),https://www.norwe.eu/katalogbilder/002/N0016a01.pdf,https://www.norwe.eu/katalogbilder/002/n0016a01.pdf,case / file name,1714d5b
Bobbin ETD 34 horizontal lr 2-chamber 14-pin (Norwe 90599-186),https://www.norwe.eu/katalogbilder/002/90599a01.pdf,https://www.norwe.eu/katalogbilder/002/90574a01.pdf,sibling sheet lists the order code (PDF text),this commit
Bobbin ETD 39 horizontal lr 2-chamber 16-pin (Norwe 90600-186),https://www.norwe.eu/katalogbilder/002/90600a01.pdf,https://www.norwe.eu/katalogbilder/002/90575a01.pdf,sibling sheet lists the order code (PDF text),this commit
Bobbin ETD 44 horizontal lr 2-chamber 18-pin (Norwe 90601-186),https://www.norwe.eu/katalogbilder/002/90601a01.pdf,https://www.norwe.eu/katalogbilder/002/90576a01.pdf,sibling sheet lists the order code (PDF text),this commit
Bobbin ETD 44 vertical 20-pin (Norwe N0003-186),https://www.norwe.eu/katalogbilder/002/N0003a01.pdf,https://www.norwe.eu/katalogbilder/002/n0003a01.pdf,case / file name,1714d5b
Bobbin ETD 49 vertical 20-pin flanged (Norwe N0017-186),https://www.norwe.eu/katalogbilder/002/N0017a01.pdf,https://www.norwe.eu/katalogbilder/002/n0017a01.pdf,case / file name,1714d5b
Bobbin ETD 54 horizontal lr 2-chamber 24-pin (Norwe N0011-186),https://www.norwe.eu/katalogbilder/002/N0011a01.pdf,https://www.norwe.eu/katalogbilder/002/n0010a01.pdf,sibling sheet lists the order code (PDF text),this commit
Bobbin ETD 54 horizontal lr 24-pin (Norwe N0010-186),https://www.norwe.eu/katalogbilder/002/N0010a01.pdf,https://www.norwe.eu/katalogbilder/002/n0010a01.pdf,case / file name,1714d5b
Bobbin ETD 54 vertical 22-pin flanged (Norwe N0018-186),https://www.norwe.eu/katalogbilder/002/N0018a01.pdf,https://www.norwe.eu/katalogbilder/002/n0018a01.pdf,case / file name,1714d5b
Bobbin ETD 59 horizontal lr 2-chamber 26-pin (Norwe N0013-186),https://www.norwe.eu/katalogbilder/002/N0013a01.pdf,https://www.norwe.eu/katalogbilder/002/n0012a01.pdf,sibling sheet lists the order code (rendered order-code column),this commit
Bobbin ETD 59 horizontal lr 26-pin (Norwe N0012-186),https://www.norwe.eu/katalogbilder/002/N0012a01.pdf,https://www.norwe.eu/katalogbilder/002/n0012a01.pdf,case / file name,1714d5b
Bobbin M 20 horizontal 8-pin 5.08mm 2-chamber (Norwe 00223-024),https://www.norwe.eu/katalogbilder/001/00223a01.pdf,https://www.norwe.eu/katalogbilder/001/00222a01.pdf,sibling sheet lists the order code (PDF text),this commit
Bobbin M 20 horizontal 8-pin 5.0mm 2-chamber (Norwe 00221-024),https://www.norwe.eu/katalogbilder/001/00221a01.pdf,https://www.norwe.eu/katalogbilder/001/00220a01.pdf,sibling sheet lists the order code (PDF text),this commit
Bobbin M 20 horizontal solder-tags ll 3-chamber (Norwe N0108-024),https://www.norwe.eu/katalogbilder/001/N0108a01.pdf,https://www.norwe.eu/katalogbilder/001/00130a01.pdf,sibling sheet lists the order code (PDF text),this commit
Bobbin M 20 vertical 8-pin 5.0mm 2-chamber (Norwe 00161-024),https://www.norwe.eu/katalogbilder/001/00161a01.pdf,https://www.norwe.eu/katalogbilder/001/00160a01.pdf,sibling sheet lists the order code (PDF text),this commit
Bobbin M 20 vertical 8-pin 5.0mm-9 2-chamber (Norwe N0115-106),https://www.norwe.eu/katalogbilder/001/N0115a01.pdf,https://www.norwe.eu/katalogbilder/001/n0114a01.pdf,sibling sheet lists the order code (PDF text),this commit
Bobbin M 30a vertical 8-pin 5.08mm 2-chamber (Norwe N0116-106),https://www.norwe.eu/katalogbilder/001/N0116a01.pdf,https://www.norwe.eu/katalogbilder/001/00635a01.pdf,sibling sheet lists the order code (PDF text),this commit
Bobbin M 30a vertical 8-pin 7.5mm 2-chamber (Norwe 00631-106),https://www.norwe.eu/katalogbilder/001/00631a01.pdf,https://www.norwe.eu/katalogbilder/001/00630a01.pdf,sibling sheet lists the order code (PDF text),this commit
Bobbin M 42 vertical 8-pin 5.0mm 2-chamber (Norwe 01421-024),https://www.norwe.eu/katalogbilder/001/01421a01.pdf,https://www.norwe.eu/katalogbilder/001/01420a01.pdf,sibling sheet lists the order code (PDF text),this commit
Bobbin PQ 107/87,https://www.norwe.eu/katalogbilder/004/PQ 107a01.pdf,https://www.norwe.eu/katalogbilder/004/90825a01.pdf,case / file name,1714d5b
Bobbin PQ 20-16 6-pin 2-chamber (Norwe N0501-186),https://www.norwe.eu/katalogbilder/004/N0501a01.pdf,https://www.norwe.eu/katalogbilder/004/n0501a01.pdf,case / file name,1714d5b
Bobbin PQ 20-16 6-pin 3.81/2.54mm 2-chamber (Norwe N0502-186),https://www.norwe.eu/katalogbilder/004/N0502a01.pdf,https://www.norwe.eu/katalogbilder/004/n0502a01.pdf,case / file name,1714d5b
Bobbin PQ 20-20 6-pin 2-chamber (Norwe N0503-186),https://www.norwe.eu/katalogbilder/004/N0503a01.pdf,https://www.norwe.eu/katalogbilder/004/n0503a01.pdf,case / file name,1714d5b
Bobbin PQ 20-20 6-pin 3.81/2.54mm 2-chamber (Norwe N0504-186),https://www.norwe.eu/katalogbilder/004/N0504a01.pdf,https://www.norwe.eu/katalogbilder/004/n0504a01.pdf,case / file name,1714d5b
Bobbin PQ 26-20 8-pin 2-chamber (Norwe N0505-186),https://www.norwe.eu/katalogbilder/004/N0505a01.pdf,https://www.norwe.eu/katalogbilder/004/n0505a01.pdf,case / file name,1714d5b
Bobbin PQ 26-25 8-pin 2-chamber (Norwe N0506-186),https://www.norwe.eu/katalogbilder/004/N0506a01.pdf,https://www.norwe.eu/katalogbilder/004/n0506a01.pdf,case / file name,1714d5b
Bobbin PQ 35-25 8-pin 2-chamber (Norwe N0508-186),https://www.norwe.eu/katalogbilder/004/N0508a01.pdf,https://www.norwe.eu/katalogbilder/004/n0508a01.pdf,case / file name,1714d5b
Bobbin PQ 35-25 SO special (Norwe N0149-186),https://www.norwe.eu/katalogbilder/004/N0149a01.pdf,https://www.norwe.eu/katalogbilder/004/n0149a01.pdf,case / file name,1714d5b
Bobbin PQ 35-35 8-pin 2-chamber (Norwe N0509-186),https://www.norwe.eu/katalogbilder/004/N0509a01.pdf,https://www.norwe.eu/katalogbilder/004/n0509a01.pdf,case / file name,1714d5b
Bobbin PQ 35/35 (Norwe N0149-186),https://www.norwe.eu/katalogbilder/004/PQ 35a01.pdf,https://www.norwe.eu/katalogbilder/004/n0149a01.pdf,case / file name,1714d5b
Bobbin PQ 40-40 8-pin 2-chamber (Norwe N0510-186),https://www.norwe.eu/katalogbilder/004/N0510a01.pdf,https://www.norwe.eu/katalogbilder/004/n0510a01.pdf,case / file name,1714d5b
Bobbin PQ 50-40 (Norwe N0515-186),https://www.norwe.eu/katalogbilder/004/N0515a01.pdf,https://www.norwe.eu/katalogbilder/004/n0515a01.pdf,case / file name,1714d5b
Bobbin PQ 50-40 2-chamber (Norwe N0511-186),https://www.norwe.eu/katalogbilder/004/N0511a01.pdf,https://www.norwe.eu/katalogbilder/004/n0511a01.pdf,case / file name,1714d5b
Bobbin PQ 50-40 SO special (Norwe N0514-186),https://www.norwe.eu/katalogbilder/004/N0514a01.pdf,https://www.norwe.eu/katalogbilder/004/n0514a01.pdf,case / file name,1714d5b
Bobbin PQ 50-50 2-chamber (Norwe N0512-186),https://www.norwe.eu/katalogbilder/004/N0512a01.pdf,https://www.norwe.eu/katalogbilder/004/n0512a01.pdf,case / file name,1714d5b
Bobbin PQ 50-50 8-pin (Norwe N0516-186),https://www.norwe.eu/katalogbilder/004/N0516a01.pdf,https://www.norwe.eu/katalogbilder/004/n0516a01.pdf,case / file name,1714d5b
Bobbin PQ 50-50 8-pin 2-chamber (Norwe N0513-186),https://www.norwe.eu/katalogbilder/004/N0513a01.pdf,https://www.norwe.eu/katalogbilder/004/n0513a01.pdf,case / file name,1714d5b
Bobbin PQ 50/40,https://www.norwe.eu/katalogbilder/004/PQ 50a01.pdf,https://www.norwe.eu/katalogbilder/004/n0514a01.pdf,case / file name,1714d5b
Bobbin PQ 65/54,https://www.norwe.eu/katalogbilder/004/PQ 65a01.pdf,https://www.norwe.eu/katalogbilder/004/90823a01.pdf,case / file name,1714d5b
Bobbin PQ 78-39 SO special (Norwe N0164-186),https://www.norwe.eu/katalogbilder/004/N0164a01.pdf,https://www.norwe.eu/katalogbilder/004/n0164a01.pdf,case / file name,1714d5b
Bobbin PQ 78/39,https://www.norwe.eu/katalogbilder/004/PQ 78a01.pdf,https://www.norwe.eu/katalogbilder/004/n0164a01.pdf,case / file name,1714d5b
Bobbin RM 10 45-degree power 6-pin 2-chamber (Norwe 60208-132),https://www.norwe.eu/katalogbilder/003/60208a01.pdf,https://www.norwe.eu/katalogbilder/003/60108a01.pdf,sibling sheet lists the order code (PDF text),this commit
Bobbin RM 12 45-degree power 8-pin 2-chamber (Norwe 60210-132),https://www.norwe.eu/katalogbilder/003/60210a01.pdf,https://www.norwe.eu/katalogbilder/003/60110a01.pdf,sibling sheet lists the order code (PDF text),this commit
Bobbin RM 12-LP 8-pin DIP mF (Norwe N0141-087),https://www.norwe.eu/katalogbilder/003/N0141a01.pdf,https://www.norwe.eu/katalogbilder/003/n0141a01.pdf,case / file name,1714d5b
Bobbin RM 14 45-degree power 8-pin 2-chamber (Norwe 60212-132),https://www.norwe.eu/katalogbilder/003/60212a01.pdf,https://www.norwe.eu/katalogbilder/003/60112a01.pdf,sibling sheet lists the order code (PDF text),this commit
Bobbin RM 4 45-degree power 6-pin 2-chamber (Norwe 60200-132),https://www.norwe.eu/katalogbilder/003/60200a01.pdf,https://www.norwe.eu/katalogbilder/003/60100a01.pdf,sibling sheet lists the order code (PDF text),this commit
Bobbin RM 5 45-degree 4-pin solder-tags 2-chamber (Norwe 60151-047),https://www.norwe.eu/katalogbilder/003/60151a01.pdf,https://www.norwe.eu/katalogbilder/003/60150a01.pdf,sibling sheet lists the order code (PDF text),this commit
Bobbin RM 5 45-degree power 6-pin 2-chamber (Norwe 60202-132),https://www.norwe.eu/katalogbilder/003/60202a01.pdf,https://www.norwe.eu/katalogbilder/003/60102a01.pdf,sibling sheet lists the order code (PDF text),this commit
Bobbin RM 6 45-degree 4-pin solder-tags 2-chamber (Norwe 60171-047),https://www.norwe.eu/katalogbilder/003/60171a01.pdf,https://www.norwe.eu/katalogbilder/003/60170a01.pdf,sibling sheet lists the order code (PDF text),this commit
Bobbin RM 6 45-degree 6-pin solder-tags 2-chamber (Norwe 60191-047),https://www.norwe.eu/katalogbilder/003/60191a01.pdf,https://www.norwe.eu/katalogbilder/003/60190a01.pdf,sibling sheet lists the order code (PDF text),this commit
Bobbin RM 6 45-degree power 6-pin 2-chamber (Norwe 60204-132),https://www.norwe.eu/katalogbilder/003/60204a01.pdf,https://www.norwe.eu/katalogbilder/003/60104a01.pdf,sibling sheet lists the order code (PDF text),this commit
Bobbin RM 6-LP 8-pin DIP mF (Norwe N0140-087),https://www.norwe.eu/katalogbilder/003/N0140a01.pdf,https://www.norwe.eu/katalogbilder/003/n0140a01.pdf,case / file name,1714d5b
Bobbin RM 7-LP 12-pin solder-tags (Norwe N0142-181),https://www.norwe.eu/katalogbilder/003/N0142a01.pdf,https://www.norwe.eu/katalogbilder/003/n0142a01.pdf,case / file name,1714d5b
Bobbin RM 8 12-pin solder-tags mF (Norwe 90284-087),https://www.norwe.eu/katalogbilder/003/90284a01.pdf,https://www.norwe.eu/katalogbilder/003/90076a01.pdf,sibling sheet lists the order code (PDF text),this commit
Bobbin RM 8 45-degree power 6-pin 2-chamber (Norwe 60206-132),https://www.norwe.eu/katalogbilder/003/60206a01.pdf,https://www.norwe.eu/katalogbilder/003/60106a01.pdf,sibling sheet lists the order code (PDF text),this commit
Bobbin RM 8 8-pin DIP mF (Norwe 90285-087),https://www.norwe.eu/katalogbilder/003/90285a01.pdf,https://www.norwe.eu/katalogbilder/003/90071a01.pdf,sibling sheet lists the order code (PDF text),this commit
