bobbin,url,status,numberRows,numberPinsPerRow,rowDistance_mm,pitch_mm,centralPitch_mm,typeCode,reason
Bobbin EC 35 horizontal 14-pin (Norwe 90218-024),https://www.norwe.eu/katalogbilder/005/90218a01.pdf,already-present,2,"[7, 7]",30.48,5.08,,EC 35/ech-/h14/p6g Clip FK-EC 35,the drawing agrees with what the record holds
Bobbin EE 12.6 horizontal 6-pin 5mm (Norwe 09740-106),https://www.norwe.eu/katalogbilder/001/09740a01.pdf,already-present,2,"[3, 3]",10.0,5.0,,EE 12.6/1k/6-6/5.0-ee/A RV250 nat. Potting Box EE 12.6,the drawing agrees with what the record holds
Bobbin EE 16 horizontal 6-pin 3.75mm (Norwe 09820-024),https://www.norwe.eu/katalogbilder/001/09820a01.pdf,already-present,2,"[3, 3]",12.5,3.75,,EE 16/1k/5-6/3.75-c(12.5)/p6g Potting Box EE 16,the drawing agrees with what the record holds
Bobbin EE 16 horizontal 6-pin 3.75mm 2-chamber (Norwe 92062-024),https://www.norwe.eu/katalogbilder/001/92062a01.pdf,already-present,2,"[3, 3]",12.5,3.75,,EE 16/1k/a5-6/3.75-c(12.5)/p6g Potting Box EE 16,the drawing agrees with what the record holds
Bobbin EE 16 horizontal 6-pin 3.75mm 2-chamber Zen (Norwe 92062-243),https://www.norwe.eu/katalogbilder/001/92062a01.pdf,already-present,2,"[3, 3]",12.5,3.75,,EE 16/1k/a5-6/3.75-c(12.5)/p6g Potting Box EE 16,the drawing agrees with what the record holds
Bobbin EE 16 horizontal 6-pin 5.0mm (Norwe 09850-024),https://www.norwe.eu/katalogbilder/001/09850a01.pdf,already-present,2,"[3, 3]",12.5,5.0,,EE 16/1k/6-6/5.0-ef/p6g Potting Box EE 16,the drawing agrees with what the record holds
Bobbin EE 16 vertical 6-pin 3.75mm (Norwe 09840-024),https://www.norwe.eu/katalogbilder/001/09840a01.pdf,already-present,2,"[3, 3]",7.5,3.75,,EE 16/1k/5-6/3.75-cc/p6g 09840-024 on request,the drawing agrees with what the record holds
Bobbin EE 16 vertical 6-pin 3.75mm 2-chamber (Norwe 09841-024),https://www.norwe.eu/katalogbilder/001/09840a01.pdf,already-present,2,"[3, 3]",7.5,3.75,,EE 16/2k/5-6/3.75-cc/p6g 09841-024,the drawing agrees with what the record holds
Bobbin EE 16 vertical 6-pin 3.75mm-4 (Norwe 92245-106),https://www.norwe.eu/katalogbilder/001/92245a01.pdf,already-present,2,"[3, 3]",7.5,3.75,,EE 16/1k/4-6/3.75-cc/A RV250 nat. Spring-Clip SB-EF 16,the drawing agrees with what the record holds
Bobbin EE 16 vertical 6-pin 3.75mm-4 2-chamber (Norwe 92246-106),https://www.norwe.eu/katalogbilder/001/92245a01.pdf,already-present,2,"[3, 3]",7.5,3.75,,EE 16/1k/4-6/3.75-cc/A RV250 nat. Spring-Clip SB-EF 16,the drawing agrees with what the record holds
Bobbin EE 16 vertical 6-pin 3.75mm-9 (Norwe 09847-106),https://www.norwe.eu/katalogbilder/001/09847a01.pdf,already-present,2,"[3, 3]",7.5,3.75,,EE 16/1k/9-6/3.75-cc/A RV250 nat. 09847-106 Spring-Clip SB-EF 16,the drawing agrees with what the record holds
Bobbin EE 16 vertical 6-pin 3.75mm-9 2-chamber (Norwe 09848-106),https://www.norwe.eu/katalogbilder/001/09847a01.pdf,already-present,2,"[3, 3]",7.5,3.75,,EE 16/2k/9-6/3.75-cc/A RV250 nat. 09848-106,the drawing agrees with what the record holds
Bobbin EE 16 vertical longer-creepage 6-pin 3.75mm (Norwe 09885-106),https://www.norwe.eu/katalogbilder/001/09885a01.pdf,already-present,2,"[3, 3]",11.25,3.75,,EE 16/1k/K9/9-6/3.75-cd/A RV250 nat. 09885-106 Spring-Clip SB-EF 16,the drawing agrees with what the record holds
Bobbin EE 16 vertical longer-creepage 6-pin 3.75mm 2-chamber (Norwe 09886-106),https://www.norwe.eu/katalogbilder/001/09886a01.pdf,already-present,2,"[3, 3]",11.25,3.75,,EE 16/2k/K9/9-6/3.75-cd/A RV250 nat. 09886-106,the drawing agrees with what the record holds
Bobbin EE 20 horizontal 8-pin 5.0mm 2-chamber (Norwe N0104-106),https://www.norwe.eu/katalogbilder/001/n0103a01.pdf,already-present,2,"[4, 4]",15.0,5.0,,EE 20/2k/7-8/5.0-gg/A RV250 nat. N0104-106 onrequest,the drawing agrees with what the record holds
Bobbin EE 20 horizontal 8-pin 5.0mm-a (Norwe 92059-024),https://www.norwe.eu/katalogbilder/001/92059a01.pdf,already-present,2,"[4, 4]",15.0,5.0,,EE 20/1k/a7-8/5.0-gg/p6g Potting Box EE 20,the drawing agrees with what the record holds
Bobbin EE 20 horizontal 8-pin 5.0mm-a 2-chamber (Norwe 92038-024),https://www.norwe.eu/katalogbilder/001/92059a01.pdf,already-present,2,"[4, 4]",15.0,5.0,,EE 20/1k/a7-8/5.0-gg/p6g Potting Box EE 20,the drawing agrees with what the record holds
Bobbin EE 20 horizontal 8-pin 5.0mm-b (Norwe 09976-106),https://www.norwe.eu/katalogbilder/001/09976a01.pdf,already-present,2,"[4, 4]",15.0,5.0,,EE 20/1k/b7-8/5.0-gg/A RV250 nat. Potting Box EE 20,the drawing agrees with what the record holds
Bobbin EE 20 horizontal 8-pin 5.0mm-b 2-chamber (Norwe 09977-106),https://www.norwe.eu/katalogbilder/001/09976a01.pdf,already-present,2,"[4, 4]",15.0,5.0,,EE 20/1k/b7-8/5.0-gg/A RV250 nat. Potting Box EE 20,the drawing agrees with what the record holds
Bobbin EE 20 horizontal 8-pin 5.0mm-gg (Norwe 09978-024),https://www.norwe.eu/katalogbilder/001/09978a01.pdf,already-present,2,"[4, 4]",15.0,5.0,,EE 20/1k/7-8/5.0-gg/p6g Potting Box EE 20,the drawing agrees with what the record holds
Bobbin EE 20 horizontal 8-pin 5.0mm-gg 2-chamber (Norwe 09979-024),https://www.norwe.eu/katalogbilder/001/09978a01.pdf,already-present,2,"[4, 4]",15.0,5.0,,EE 20/1k/7-8/5.0-gg/p6g Potting Box EE 20,the drawing agrees with what the record holds
Bobbin EE 25 horizontal 8-pin 5.0mm-gi (Norwe 10185-024),https://www.norwe.eu/katalogbilder/001/10185a01.pdf,already-present,2,"[4, 4]",20.0,5.0,,EE 25/1k/7-8/5.0-gi/p6g Potting Box EE 25,the drawing agrees with what the record holds
Bobbin EE 25-11 horizontal 8-pin 5.0mm (Norwe 10197-024),https://www.norwe.eu/katalogbilder/001/10197a01.pdf,already-present,2,"[4, 4]",20.0,5.0,,EE 25-11/1k/7-8/5.0-gi/p6g Latching-Clip FB-EF 25,the drawing agrees with what the record holds
Bobbin EER 28 horizontal 12-pin (Norwe 90585-186),https://www.norwe.eu/katalogbilder/002/90585a01.pdf,already-present,2,"[6, 6]",25.0,5.0,,EER 28/h12/-8/SKYT.5220FR on request,the drawing agrees with what the record holds
Bobbin EER 28L horizontal 12-pin (Norwe 90297-186),https://www.norwe.eu/katalogbilder/002/90297a01.pdf,already-present,2,"[6, 6]",30.0,5.0,,EER 28L/h12/-8/SKYT.5220FR on request,the drawing agrees with what the record holds
Bobbin EER 35 horizontal 16-pin (Norwe 90298-186),https://www.norwe.eu/katalogbilder/002/90298a01.pdf,already-present,2,"[8, 8]",35.0,5.0,,EER 35/h16/-8/SKYT.5220FR on request,the drawing agrees with what the record holds
Bobbin EER 42L horizontal 16-pin (Norwe N0034-186),https://www.norwe.eu/katalogbilder/002/n0034a01.pdf,already-present,2,"[8, 8]",35.0,5.0,,EER 42L/h16/-8/SKYT.5220FR onrequest on request,the drawing agrees with what the record holds
Bobbin EER 48L vertical 20-pin (Norwe 90708-186),https://www.norwe.eu/katalogbilder/002/90708a01.pdf,already-present,2,"[10, 10]",30.0,5.0,,EER 48L/v20/-8/SKYT.5220FR on request,the drawing agrees with what the record holds
Bobbin EP 17 8-pin 5.08mm (Norwe 90067-087),https://www.norwe.eu/katalogbilder/009/90067a01.pdf,already-present,2,"[4, 4]",15.24,5.08,,EP 17/1k/8-8/5.08-gg/rtg 90067-087,the drawing agrees with what the record holds
Bobbin EP 7 6-pin 2.54mm (Norwe 90082-087),https://www.norwe.eu/katalogbilder/009/90082a01.pdf,already-present,2,"[3, 3]",5.08,2.54,,EP 7/1k/6-6/2.54-cc/rtg 90082-087 Spring-Clip SB-EP 7,the drawing agrees with what the record holds
Bobbin ETD 19 horizontal 10-pin (Norwe 90770-186),https://www.norwe.eu/katalogbilder/002/90770a01.pdf,already-present,2,"[5, 5]",20.32,5.08,,ETD 19/h10/-1/SKYT.5220FR Clip FK-ETD 19,the drawing agrees with what the record holds
Bobbin ETD 19 horizontal 10-pin side-wrap (Norwe 90772-186),https://www.norwe.eu/katalogbilder/002/90772a01.pdf,already-present,2,"[5, 5]",20.32,5.08,,ETD 19/h10/s-/SKYT.5220FR Clip FK-ETD 19,the drawing agrees with what the record holds
Bobbin ETD 19 vertical 10-pin (Norwe 90635-186),https://www.norwe.eu/katalogbilder/002/90635a01.pdf,already-present,2,"[5, 5]",15.24,5.08,,ETD 19/v10/-1/SKYT.5220FR Clip FK-ETD 19,the drawing agrees with what the record holds
Bobbin ETD 24 horizontal 12-pin (Norwe 90771-186),https://www.norwe.eu/katalogbilder/002/90771a01.pdf,already-present,2,"[6, 6]",22.86,5.08,,ETD 24/h12/-1/SKYT.5220FR Clip FK-ETD 24,the drawing agrees with what the record holds
Bobbin ETD 24 horizontal 12-pin side-wrap (Norwe 90774-186),https://www.norwe.eu/katalogbilder/002/90774a01.pdf,already-present,2,"[6, 6]",22.86,5.08,,ETD 24/h12/s-/SKYT.5220FR Clip FK-ETD 24,the drawing agrees with what the record holds
Bobbin ETD 24 horizontal lr 12-pin (Norwe 90571-186),https://www.norwe.eu/katalogbilder/002/90571a01.pdf,already-present,2,"[6, 6]",22.86,5.08,,ETD 24/lr/h12/-1/SKYT.5220FR Clip FK-ETD 24,the drawing agrees with what the record holds
Bobbin ETD 24 horizontal lr 2-chamber 12-pin (Norwe 90596-186),https://www.norwe.eu/katalogbilder/002/90596a01.pdf,already-present,2,"[6, 6]",22.86,5.08,,ETD 24/lr/h12/-1/SKYT.5220FR Clip FK-ETD 24,the drawing agrees with what the record holds
Bobbin ETD 24 vertical 12-pin (Norwe 90636-186),https://www.norwe.eu/katalogbilder/002/90636a01.pdf,already-present,2,"[6, 6]",17.78,5.08,,ETD 24/v12/-1/SKYT.5220FR Clip FK-ETD 24,the drawing agrees with what the record holds
Bobbin ETD 29 horizontal 12-pin (Norwe 90778-186),https://www.norwe.eu/katalogbilder/002/90778a01.pdf,already-present,2,"[6, 6]",25.4,5.08,,ETD 29/h12/-1/SKYT.5220FR 90778-186 Cilp FK-ETD 29,the drawing agrees with what the record holds
Bobbin ETD 29 horizontal 12-pin side-wrap (Norwe 90787-186),https://www.norwe.eu/katalogbilder/002/90787a01.pdf,already-present,2,"[6, 6]",25.4,5.08,,ETD 29/h12/s-/SKYT.5220FR Clip FK-ETD 29,the drawing agrees with what the record holds
Bobbin ETD 34 horizontal 14-pin (Norwe 90780-186),https://www.norwe.eu/katalogbilder/002/90780a01.pdf,already-present,2,"[7, 7]",25.4,5.08,,ETD 34/h14/-1/SKYT.5220FR Clip FK-ETD 34,the drawing agrees with what the record holds
Bobbin ETD 34 horizontal 14-pin side-wrap (Norwe 90788-186),https://www.norwe.eu/katalogbilder/002/90788a01.pdf,already-present,2,"[7, 7]",25.4,5.08,,ETD 34/h14/s-/SKYT.5220FR Clip FK-ETD 34,the drawing agrees with what the record holds
Bobbin ETD 34 horizontal lr 14-pin (Norwe 90574-186),https://www.norwe.eu/katalogbilder/002/90574a01.pdf,already-present,2,"[7, 7]",25.4,5.08,,ETD 34/lr/h14/-1/SKYT.5220FR Clip FK-ETD 34,the drawing agrees with what the record holds
Bobbin ETD 34 vertical 14-pin (Norwe 90642-186),https://www.norwe.eu/katalogbilder/002/90642a01.pdf,already-present,2,"[7, 7]",22.86,5.08,,ETD 34/v14/-1/SKYT.5220FR Clip FK-ETD 34,the drawing agrees with what the record holds
Bobbin ETD 34 vertical 14-pin flanged (Norwe 90628-186),https://www.norwe.eu/katalogbilder/002/90628a01.pdf,already-present,2,"[7, 7]",22.86,5.08,,ETD 34/v14/fl/-1/SKYT.5220FR Clip FK-ETD 34,the drawing agrees with what the record holds
Bobbin ETD 39 horizontal 16-pin (Norwe 90782-186),https://www.norwe.eu/katalogbilder/002/90782a01.pdf,already-present,2,"[8, 8]",30.48,5.08,,ETD 39/h16/-1/SKYT.5220FR Clip FK-ETD 39,the drawing agrees with what the record holds
Bobbin ETD 39 horizontal 16-pin side-wrap (Norwe 90790-186),https://www.norwe.eu/katalogbilder/002/90790a01.pdf,already-present,2,"[8, 8]",30.48,5.08,,ETD 39/h16/s-/SKYT.5220FR Clip FK-ETD 39,the drawing agrees with what the record holds
Bobbin ETD 39 horizontal lr 16-pin (Norwe 90575-186),https://www.norwe.eu/katalogbilder/002/90575a01.pdf,already-present,2,"[8, 8]",30.48,5.08,,ETD 39/lr/h16/-1/SKYT.5220FR Clip FK-ETD 39,the drawing agrees with what the record holds
Bobbin ETD 39 vertical 16-pin (Norwe 90644-186),https://www.norwe.eu/katalogbilder/002/90644a01.pdf,already-present,2,"[8, 8]",25.4,5.08,,ETD 39/v16/-1/SKYT.5220FR Clip FK-ETD 39,the drawing agrees with what the record holds
Bobbin ETD 39 vertical 16-pin flanged (Norwe 90629-186),https://www.norwe.eu/katalogbilder/002/90629a01.pdf,already-present,2,"[8, 8]",25.4,5.08,,ETD 39/v16/fl/-1/SKYT.5220FR Clip FK-ETD 39,the drawing agrees with what the record holds
Bobbin ETD 49 vertical 20-pin (Norwe 90648-186),https://www.norwe.eu/katalogbilder/002/90648a01.pdf,already-present,2,"[10, 10]",30.48,5.08,,ETD 49/v20/-1/SKYT.5220FR Clip FK-ETD 49,the drawing agrees with what the record holds
Bobbin ETD 54 horizontal 24-pin side-wrap (Norwe 90802-186),https://www.norwe.eu/katalogbilder/002/90802a01.pdf,already-present,2,"[12, 12]",45.72,5.08,,ETD 54/h24/s-/SKYT.5220FR Clip FK-ETD 54,the drawing agrees with what the record holds
Bobbin ETD 54 vertical 22-pin (Norwe 90650-186),https://www.norwe.eu/katalogbilder/002/90650a01.pdf,already-present,2,"[11, 11]",33.02,5.08,,ETD 54/v22/-1/SKYT.5220FR Clip FK-ETD 54,the drawing agrees with what the record holds
Bobbin ETD 59 horizontal 26-pin side-wrap (Norwe 90803-186),https://www.norwe.eu/katalogbilder/002/90803a01.pdf,already-present,2,"[13, 13]",50.8,5.08,,ETD 59/h26/s-/SKYT.5220FR Clip FK-ETD 59,the drawing agrees with what the record holds
Bobbin ETD 59 vertical 24-pin (Norwe 90652-186),https://www.norwe.eu/katalogbilder/002/90652a01.pdf,already-present,2,"[12, 12]",35.56,5.08,,ETD 59/v24/-1/SKYT.5220FR Clip FK-ETD 59,the drawing agrees with what the record holds
Bobbin ETD 59 vertical 24-pin flanged (Norwe 90633-186),https://www.norwe.eu/katalogbilder/002/90633a01.pdf,already-present,2,"[12, 12]",35.56,5.08,,ETD 59/v24/fl/-1/SKYT.5220FR Clip FK-ETD 59,the drawing agrees with what the record holds
Bobbin M 20 horizontal 8-pin 5.08mm (Norwe 00222-024),https://www.norwe.eu/katalogbilder/001/00222a01.pdf,already-present,2,"[4, 4]",15.24,5.08,,M 20/1k/a6-8/5.08-gg/p6g Potting Box M 20,the drawing agrees with what the record holds
Bobbin M 20 horizontal 8-pin 5.0mm (Norwe 00220-024),https://www.norwe.eu/katalogbilder/001/00220a01.pdf,already-present,2,"[4, 4]",15.0,5.0,,M 20/1k/a6-8/5.0-gg/p6g Potting Box M 20,the drawing agrees with what the record holds
Bobbin M 20 horizontal 8-pin 5.0mm 2-chamber (Norwe 00221-024),https://www.norwe.eu/katalogbilder/001/00220a01.pdf,already-present,2,"[4, 4]",15.0,5.0,,M 20/1k/a6-8/5.0-gg/p6g Potting Box M 20,the drawing agrees with what the record holds
Bobbin EE 12.6 vertical 6-pin 3.81mm (Norwe 09785-106),https://www.norwe.eu/katalogbilder/001/09785a01.pdf,conflict,2,"[3, 3]",7.62,3.81,,EE 12.6/1k/9-6/3.81-cc/A RV250 nat. 09785-106 Spring-Clip SB-EF 12.6,"rowDistance: record 0.0076, drawing 7.62"
Bobbin EE 12.6 vertical 6-pin 3.81mm 2-chamber (Norwe 09786-106),https://www.norwe.eu/katalogbilder/001/09785a01.pdf,conflict,2,"[3, 3]",7.62,3.81,,EE 12.6/2k/9-6/3.81-cc/A RV250 nat. 09786-106,"rowDistance: record 0.0076, drawing 7.62"
Bobbin EE 12.6 vertical longer-creepage 6-pin 3.81mm (Norwe N0169-106),https://www.norwe.eu/katalogbilder/001/n0169a01.pdf,conflict,2,"[3, 3]",11.43,3.81,,EE 12.6/1k/K9.5/9-6/3.81-cd/A RV250 nat. N0169-106 onrequest Spring-Clip SB-EF 12.6,"rowDistance: record 0.0076, drawing 11.43"
Bobbin EE 12.6 vertical longer-creepage 6-pin 3.81mm 2-chamber (Norwe N0176-106),https://www.norwe.eu/katalogbilder/001/n0176a01.pdf,conflict,2,"[3, 3]",11.43,3.81,,EE 12.6/2k/K9.5/9-6/3.81-cd/A RV250 nat. N0176-106 onrequest,"rowDistance: record 0.0076, drawing 11.43"
Bobbin EE 25 vertical 10-pin 5.08mm (Norwe 10156-106),https://www.norwe.eu/katalogbilder/001/10156a01.pdf,conflict,2,"[5, 5]",12.7,5.08,,EE 25/1k/9-8/5.08-if/A RV250 nat. 10156-106 Latching-Clip FB-EF 25,"rowDistance: record 0.01245, drawing 12.7"
Bobbin EE 25 vertical 6-pin 5.0mm-a3 (Norwe 10141-024),https://www.norwe.eu/katalogbilder/001/10141a01.pdf,conflict,2,"[3, 3]",12.5,5.0,,EE 25/1k/a3-8/5.0-ef/p6g 10141-024 on request,"rowDistance: record 0.01245, drawing 12.5"
Bobbin EE 25 vertical 6-pin 5.0mm-a5 (Norwe 10151-024),https://www.norwe.eu/katalogbilder/001/10151a01.pdf,conflict,2,"[3, 3]",12.5,5.0,,EE 25/1k/a5-8/5.0-ef/p6g 10151-024 on request,"rowDistance: record 0.01245, drawing 12.5"
Bobbin EE 25 vertical 6-pin 5.0mm-a5 2-chamber (Norwe 10162-024),https://www.norwe.eu/katalogbilder/001/10151a01.pdf,conflict,2,"[3, 3]",12.5,5.0,,EE 25/2k/a5-8/5.0-ef/p6g 10162-024,"rowDistance: record 0.01245, drawing 12.5"
Bobbin EE 25 vertical longer-creepage 10-pin 5.08mm (Norwe N0202-106),https://www.norwe.eu/katalogbilder/001/n0202a01.pdf,conflict,2,"[5, 5]",17.78,5.08,,EE 25/1k/K13.5/9-8/5.08-ih/A RV250 nat. N0202-106 onrequest Spring-Clip SB-EF 25,"rowDistance: record 0.01245, drawing 17.78"
Bobbin EE 25 vertical longer-creepage 10-pin 5.08mm 2-chamber (Norwe N0203-106),https://www.norwe.eu/katalogbilder/001/n0203a01.pdf,conflict,2,"[5, 5]",17.78,5.08,,EE 25/2k/K13.5/9-8/5.08-ih/A RV250 nat. N0203-106 onrequest Latching-Clip FB-EF 25,"rowDistance: record 0.01245, drawing 17.78"
Bobbin EFD 15 8-pin 3.75mm (Norwe N0183-181),https://www.norwe.eu/katalogbilder/008/n0183a01.pdf,conflict,2,"[4, 4]",13.75,3.75,,EFD 15/1k/8-8/3.75/A3X2G10 onrequest Clip SB-EFD 15,"rowDistance: record 0.0137, drawing 13.75"
Bobbin EFD 15 8-pin 3.75mm 3-chamber (Norwe N0184-181),https://www.norwe.eu/katalogbilder/008/n0183a01.pdf,conflict,2,"[4, 4]",13.75,3.75,,EFD 15/1k/8-8/3.75/A3X2G10 onrequest Clip SB-EFD 15,"rowDistance: record 0.0137, drawing 13.75"
Bobbin ETD 29 horizontal 14-pin (Norwe 90779-186),https://www.norwe.eu/katalogbilder/002/90779a01.pdf,conflict,2,"[7, 7]",25.4,5.08,,ETD 29/h14/-1/SKYT.5220FR Clip FK-ETD 29,"rowDistance: record 0.0258, drawing 25.4; pitch: record 0.005, drawing 5.08"
Bobbin ETD 29 horizontal 14-pin side-wrap (Norwe 90777-186),https://www.norwe.eu/katalogbilder/002/90777a01.pdf,conflict,2,"[7, 7]",25.4,5.08,,ETD 29/h14/s-/SKYT.5220FR Clip FK-ETD 29,"rowDistance: record 0.0258, drawing 25.4; pitch: record 0.005, drawing 5.08"
Bobbin ETD 29 horizontal lr 14-pin (Norwe 90573-186),https://www.norwe.eu/katalogbilder/002/90573a01.pdf,conflict,2,"[7, 7]",25.4,5.08,,ETD 29/lr/h14/-1/SKYT.5220FR Clip FK-ETD 29,"rowDistance: record 0.0258, drawing 25.4; pitch: record 0.005, drawing 5.08"
Bobbin ETD 29 horizontal lr 2-chamber 14-pin (Norwe 90598-186),https://www.norwe.eu/katalogbilder/002/90573a01.pdf,conflict,2,"[7, 7]",25.4,5.08,,ETD 29/lr/h14/-1/SKYT.5220FR Clip FK-ETD 29,"rowDistance: record 0.0258, drawing 25.4; pitch: record 0.005, drawing 5.08"
Bobbin ETD 29 vertical 12-pin (Norwe 90641-186),https://www.norwe.eu/katalogbilder/002/90641a01.pdf,conflict,2,"[6, 6]",20.32,5.08,,ETD 29/v12/-1/SKYT.5220FR Clip FK-ETD 29,"rowDistance: record 0.02, drawing 20.32; pitch: record 0.005, drawing 5.08"
Bobbin ETD 29 vertical 12-pin flanged (Norwe N0016-186),https://www.norwe.eu/katalogbilder/002/n0016a01.pdf,conflict,2,"[6, 6]",20.32,5.08,,ETD 29/v12/fl/-1/SKYT.5220FR onrequest Clip FK-ETD 29,"rowDistance: record 0.02, drawing 20.32; pitch: record 0.005, drawing 5.08"
Bobbin ETD 44 horizontal 18-pin (Norwe 90784-186),https://www.norwe.eu/katalogbilder/002/90784a01.pdf,conflict,2,"[9, 9]",35.56,5.08,,ETD 44/h18/-1/SKYT.5220FR Clip FK-ETD 44,"rowDistance: record 0.0358, drawing 35.56; pitch: record 0.0049667, drawing 5.08"
Bobbin ETD 44 horizontal 18-pin side-wrap (Norwe 90792-186),https://www.norwe.eu/katalogbilder/002/90792a01.pdf,conflict,2,"[9, 9]",35.56,5.08,,ETD 44/h18/s-/SKYT.5220FR Clip FK-ETD 44,"rowDistance: record 0.0358, drawing 35.56; pitch: record 0.0049667, drawing 5.08"
Bobbin ETD 44 horizontal lr 18-pin (Norwe 90576-186),https://www.norwe.eu/katalogbilder/002/90576a01.pdf,conflict,2,"[9, 9]",35.56,5.08,,ETD 44/lr/h18/-1/SKYT.5220FR Clip FK-ETD 44,"rowDistance: record 0.0358, drawing 35.56; pitch: record 0.0049667, drawing 5.08"
Bobbin ETD 44 horizontal lr 2-chamber 18-pin (Norwe 90601-186),https://www.norwe.eu/katalogbilder/002/90576a01.pdf,conflict,2,"[9, 9]",35.56,5.08,,ETD 44/lr/h18/-1/SKYT.5220FR Clip FK-ETD 44,"rowDistance: record 0.0358, drawing 35.56; pitch: record 0.0049667, drawing 5.08"
Bobbin ETD 49 horizontal 20-pin (Norwe 90786-186),https://www.norwe.eu/katalogbilder/002/90786a01.pdf,conflict,2,"[10, 10]",40.64,5.08,,ETD 49/h20/-1/SKYT.5220FR Clip FK-ETD 49,"rowDistance: record 0.0404, drawing 40.64; pitch: record 0.004975, drawing 5.08"
Bobbin ETD 49 horizontal 20-pin side-wrap (Norwe 90794-186),https://www.norwe.eu/katalogbilder/002/90794a01.pdf,conflict,2,"[10, 10]",40.64,5.08,,ETD 49/h20/s-/SKYT.5220FR Clip FK-ETD 49,"rowDistance: record 0.0404, drawing 40.64; pitch: record 0.004975, drawing 5.08"
Bobbin ETD 49 horizontal lr 2-chamber 20-pin (Norwe 90565-186),https://www.norwe.eu/katalogbilder/002/90565a01.pdf,conflict,2,"[10, 10]",40.64,5.08,,ETD 49/lr/h20/-1/SKYT.5220FR Clip FK-ETD 49,"rowDistance: record 0.0404, drawing 40.64; pitch: record 0.004975, drawing 5.08"
Bobbin ETD 49 horizontal lr 20-pin (Norwe 90577-186),https://www.norwe.eu/katalogbilder/002/90577a01.pdf,conflict,2,"[10, 10]",40.64,5.08,,ETD 49/lr/h20/-1/SKYT.5220FR Clip FK-ETD 49,"rowDistance: record 0.0404, drawing 40.64; pitch: record 0.004975, drawing 5.08"
Bobbin M 20 horizontal 8-pin 5.08mm 2-chamber (Norwe 00223-024),https://www.norwe.eu/katalogbilder/001/00222a01.pdf,conflict,2,"[4, 4]",15.24,5.08,,M 20/1k/a6-8/5.08-gg/p6g Potting Box M 20,"rowDistance: record 0.015, drawing 15.24"
Bobbin EE 10 horizontal 8-pin (Norwe 09650-106),https://www.norwe.eu/katalogbilder/001/09650a01.pdf,enriched,2,"[4, 4]",7.62,2.54,,EE 10/1k/6-6/2.54-dd/A RV250 nat. on request,"unruled panel, scale from its own dimension, every distance printed on the sheet; 1-chamber per the type code"
Bobbin EE 10 horizontal 8-pin 2-chamber (Norwe N0100-106),https://www.norwe.eu/katalogbilder/001/09650a01.pdf,enriched,2,"[4, 4]",7.62,2.54,,EE 10/1k/6-6/2.54-dd/A RV250 nat. on request,"unruled panel, scale from its own dimension, every distance printed on the sheet; 1-chamber per the type code"
Bobbin EE 12.6 horizontal 10-pin 2.54mm (Norwe 09770-106),https://www.norwe.eu/katalogbilder/001/09770a01.pdf,enriched,2,"[5, 5]",10.16,2.54,,EE 12.6/1k/7-6/2.54-ee/A RV250 nat. Spring-Clip SB-EF 12.6,"ruled grid, 2.54 mm per step; 1-chamber per the type code"
Bobbin EE 12.6 horizontal 10-pin 2.54mm 2-chamber (Norwe 09771-106),https://www.norwe.eu/katalogbilder/001/09770a01.pdf,enriched,2,"[5, 5]",10.16,2.54,,EE 12.6/1k/7-6/2.54-ee/A RV250 nat. Spring-Clip SB-EF 12.6,"ruled grid, 2.54 mm per step; 1-chamber per the type code"
Bobbin EE 12.6 horizontal 6-pin 5mm 2-chamber (Norwe 09741-106),https://www.norwe.eu/katalogbilder/001/09740a01.pdf,enriched,2,"[3, 3]",10.0,5.0,,EE 12.6/1k/6-6/5.0-ee/A RV250 nat. Potting Box EE 12.6,"ruled grid, 2.5 mm per step; 1-chamber per the type code"
Bobbin EE 12.6 horizontal 6-pin 5mm 2-chamber-s (Norwe 09742-106),https://www.norwe.eu/katalogbilder/001/09740a01.pdf,enriched,2,"[3, 3]",10.0,5.0,,EE 12.6/1k/6-6/5.0-ee/A RV250 nat. Potting Box EE 12.6,"ruled grid, 2.5 mm per step; 1-chamber per the type code"
Bobbin EE 12.6 horizontal longer-creepage 10-pin 2.54mm (Norwe N0136-106),https://www.norwe.eu/katalogbilder/001/n0136a01.pdf,enriched,2,"[5, 5]",15.24,2.54,,EE 12.6/1k/K9.5/7-6/2.54-eg/A RV250 nat. N0136-106 Spring-Clip SB-EF 12.6,"ruled grid, 2.54 mm per step; 1-chamber per the type code"
Bobbin EE 12.6 horizontal longer-creepage 10-pin 2.54mm 2-chamber (Norwe N0137-106),https://www.norwe.eu/katalogbilder/001/n0137a01.pdf,enriched,2,"[5, 5]",15.24,2.54,,EE 12.6/2k/K9.5/7-6/2.54-eg/A RV250 nat. N0137-106,"ruled grid, 2.54 mm per step; 2-chamber per the type code"
Bobbin EE 12.6-5 horizontal 10-pin (Norwe 09760-024),https://www.norwe.eu/katalogbilder/001/09760a01.pdf,enriched,2,"[5, 5]",10.0,2.5,,EE 12.6-5/1k/6-6/2.5-ee/p6g Snap-on Potting Box EE 12.6,"ruled grid, 2.5 mm per step; 1-chamber per the type code"
Bobbin EE 16 horizontal 10-pin 2.54mm (Norwe 09860-024),https://www.norwe.eu/katalogbilder/001/09860a01.pdf,enriched,2,"[5, 5]",15.24,2.54,,EE 16/1k/7-6/2.54-eg/p6g Snap-on Potting Box EE 16,"ruled grid, 2.54 mm per step; 1-chamber per the type code"
Bobbin EE 16 horizontal 10-pin 2.5mm (Norwe 09823-106),https://www.norwe.eu/katalogbilder/001/09823a01.pdf,enriched,2,"[5, 5]",12.5,2.5,,EE 16/1k/7-6/2.5-ef/A RV250 nat. 09823-106 Snap-on Potting Box EE 16,"ruled grid, 2.5 mm per step; 1-chamber per the type code"
Bobbin EE 16 horizontal 10-pin 2.5mm 2-chamber (Norwe 09824-106),https://www.norwe.eu/katalogbilder/001/09823a01.pdf,enriched,2,"[5, 5]",12.5,2.5,,EE 16/2k/7-6/2.5-ef/A RV250 nat. 09824-106 Spring-Clip SB-EF 16,"ruled grid, 2.5 mm per step; 2-chamber per the type code"
Bobbin EE 16 horizontal 14-pin 2.54mm A3X2G10 (Norwe 09870-181),https://www.norwe.eu/katalogbilder/001/09870a01.pdf,enriched,2,"[7, 7]",15.24,2.54,,"EE 16/1k/7-6/2.54-gg/A3X2G10,sw 09870-181 Snap-on Potting Box EE 16","ruled grid, 2.54 mm per step; 1-chamber per the type code"
Bobbin EE 16 horizontal 6-pin 3.75mm (Norwe 09825-024),https://www.norwe.eu/katalogbilder/001/09825a01.pdf,enriched,2,"[3, 3]",12.5,3.75,,EE 16/1k/5-8/3.75-c(12.5)/p6g Potting Box EE 16,"unruled panel, scale from its own dimension, every distance printed on the sheet; 1-chamber per the type code"
Bobbin EE 16 horizontal 6-pin 3.75mm 6-3k (Norwe 09822-024),https://www.norwe.eu/katalogbilder/001/09820a01.pdf,enriched,2,"[3, 3]",12.5,3.75,,EE 16/1k/5-6/3.75-c(12.5)/p6g Potting Box EE 16,"unruled panel, scale from its own dimension, every distance printed on the sheet; 1-chamber per the type code"
Bobbin EE 16 horizontal 6-pin 3.75mm Zen (Norwe N0099-243),https://www.norwe.eu/katalogbilder/001/n0099a01.pdf,enriched,2,"[3, 3]",12.5,3.75,,EE 16/1k/a5-6/3.75-c(12.5)/p6g Potting Box EE 16,"unruled panel, scale from its own dimension, every distance printed on the sheet; 1-chamber per the type code"
Bobbin EE 16 horizontal 6-pin 3.75mm variant-a (Norwe N0099-024),https://www.norwe.eu/katalogbilder/001/n0099a01.pdf,enriched,2,"[3, 3]",12.5,3.75,,EE 16/1k/a5-6/3.75-c(12.5)/p6g Potting Box EE 16,"unruled panel, scale from its own dimension, every distance printed on the sheet; 1-chamber per the type code"
Bobbin EE 16 horizontal 6-pin 3.81mm (Norwe N0101-106),https://www.norwe.eu/katalogbilder/001/n0101a01.pdf,enriched,2,"[3, 3]",12.7,3.81,,EE 16/1k/7-6/3.81-c(12.7)/A RV250 nat. N0101-106 onrequest Snap-on Potting Box EE 16,"unruled panel, scale from its own dimension, every distance printed on the sheet; 1-chamber per the type code"
Bobbin EE 16 horizontal 6-pin 3.81mm 2-chamber (Norwe N0102-106),https://www.norwe.eu/katalogbilder/001/n0101a01.pdf,enriched,2,"[3, 3]",12.7,3.81,,EE 16/2k/7-6/3.81-c(12.7)/A RV250 nat. N0102-106 onrequest Spring-Clip SB-EF 16,"unruled panel, scale from its own dimension, every distance printed on the sheet; 2-chamber per the type code"
Bobbin EE 16 horizontal 6-pin 5.0mm 2-chamber (Norwe 09851-024),https://www.norwe.eu/katalogbilder/001/09850a01.pdf,enriched,2,"[3, 3]",12.5,5.0,,EE 16/1k/6-6/5.0-ef/p6g Potting Box EE 16,"ruled grid, 2.5 mm per step; 1-chamber per the type code"
Bobbin EE 16 horizontal 8-pin 3.81mm-de (Norwe 09867-106),https://www.norwe.eu/katalogbilder/001/09867a01.pdf,enriched,2,"[4, 4]",15.24,3.81,,EE 16/1k/7-6/3.81-de/A RV250 nat. Snap-on Potting Box EE 16,"unruled panel, scale from its own dimension, every distance printed on the sheet; 1-chamber per the type code"
Bobbin EE 16 horizontal 8-pin 3.81mm-de 2-chamber (Norwe 09868-106),https://www.norwe.eu/katalogbilder/001/09867a01.pdf,enriched,2,"[4, 4]",15.24,3.81,,EE 16/1k/7-6/3.81-de/A RV250 nat. Snap-on Potting Box EE 16,"unruled panel, scale from its own dimension, every distance printed on the sheet; 1-chamber per the type code"
Bobbin EE 16 horizontal longer-creepage 10-pin 2.5mm (Norwe 09863-106),https://www.norwe.eu/katalogbilder/001/09863a01.pdf,enriched,2,"[5, 5]",17.5,2.5,,EE 16/1k/K9/7-6/2.5-eh/A RV250 nat. 09863-106 Spring-Clip SB-EF 16,"ruled grid, 2.5 mm per step; 1-chamber per the type code"
Bobbin EE 16 horizontal longer-creepage 10-pin 2.5mm 2-chamber (Norwe 09864-106),https://www.norwe.eu/katalogbilder/001/09864a01.pdf,enriched,2,"[5, 5]",17.5,2.5,,EE 16/2k/K9/7-6/2.5-eh/A RV250 nat. 09864-106,"ruled grid, 2.5 mm per step; 2-chamber per the type code"
Bobbin EE 16 vertical 8-pin 3.81mm (Norwe 09875-106),https://www.norwe.eu/katalogbilder/001/09875a01.pdf,enriched,2,"[4, 4]",8.89,3.81,,EE 16/1k/9-6/3.81-d(8.89)/A RV250 nat. Spring-Clip SB-EF 16,"unruled panel, scale from its own dimension, every distance printed on the sheet; 1-chamber per the type code"
Bobbin EE 16 vertical longer-creepage 8-pin 3.81mm (Norwe 09895-106),https://www.norwe.eu/katalogbilder/001/09895a01.pdf,enriched,2,"[4, 4]",12.7,3.81,,EE 16/1k/K10/9-6/3.81-d(12.7)/A RV250 nat. 09895-106 Spring-Clip SB-EF 16,"unruled panel, scale from its own dimension, every distance printed on the sheet; 1-chamber per the type code"
Bobbin EE 16 vertical longer-creepage 8-pin 3.81mm 2-chamber (Norwe 09896-106),https://www.norwe.eu/katalogbilder/001/09896a01.pdf,enriched,2,"[4, 4]",12.7,3.81,,EE 16/2k/K10/9-6/3.81-d(12.7)/A RV250 nat. 09896-106,"unruled panel, scale from its own dimension, every distance printed on the sheet; 2-chamber per the type code"
Bobbin EE 20 horizontal 10-pin 3.81mm (Norwe 09985-106),https://www.norwe.eu/katalogbilder/001/09985a01.pdf,enriched,2,"[5, 5]",15.24,3.81,,EE 20/1k/7-8/3.81-ee/A RV250 nat. Spring-Clip SB-EF/E 20,"ruled grid, 3.81 mm per step; 1-chamber per the type code"
Bobbin EE 20 horizontal 10-pin 3.81mm 2-chamber (Norwe 09986-106),https://www.norwe.eu/katalogbilder/001/09985a01.pdf,enriched,2,"[5, 5]",15.24,3.81,,EE 20/1k/7-8/3.81-ee/A RV250 nat. Spring-Clip SB-EF/E 20,"ruled grid, 3.81 mm per step; 1-chamber per the type code"
Bobbin EE 20 horizontal 8-pin 5.0mm (Norwe N0103-106),https://www.norwe.eu/katalogbilder/001/n0103a01.pdf,enriched,2,"[4, 4]",15.0,5.0,,EE 20/1k/7-8/5.0-gg/A RV250 nat. N0103-106 onrequest Spring-Clip SB-EF/E20,"ruled grid, 2.5 mm per step; 1-chamber per the type code"
Bobbin EE 20 vertical 10-pin 3.81mm (Norwe 09987-106),https://www.norwe.eu/katalogbilder/001/09987a01.pdf,enriched,2,"[5, 5]",10.16,3.81,,EE 20/1k/9-8/3.81-e(10.16)/A RV250 nat. 09987-106 Spring-Clip SB-EF/E 20,"unruled panel, scale from its own dimension, every distance printed on the sheet; 1-chamber per the type code"
Bobbin EE 20 vertical 10-pin 3.81mm 2-chamber (Norwe 09988-106),https://www.norwe.eu/katalogbilder/001/09987a01.pdf,enriched,2,"[5, 5]",10.16,3.81,,EE 20/2k/9-8/3.81-e(10.16)/A RV250 nat. 09988-106,"unruled panel, scale from its own dimension, every distance printed on the sheet; 2-chamber per the type code"
Bobbin EE 25 horizontal 10-pin 5.08mm (Norwe 10220-024),https://www.norwe.eu/katalogbilder/001/10220a01.pdf,enriched,2,"[5, 5]",20.32,5.08,,EE 25/1k/7-8/5.08-ii/p6g Potting Box EE 25,"ruled grid, 2.54 mm per step; 1-chamber per the type code"
Bobbin EE 25 horizontal 10-pin 5.08mm 2-chamber (Norwe 10221-024),https://www.norwe.eu/katalogbilder/001/10220a01.pdf,enriched,2,"[5, 5]",20.32,5.08,,EE 25/1k/7-8/5.08-ii/p6g Potting Box EE 25,"ruled grid, 2.54 mm per step; 1-chamber per the type code"
Bobbin EE 25 horizontal 10-pin 5.08mm-a (Norwe 10225-024),https://www.norwe.eu/katalogbilder/001/10225a01.pdf,enriched,2,"[5, 5]",20.32,5.08,,EE 25/1k/a7-8/5.08-ii/p6g Snap-on Cap EE 25,"ruled grid, 2.54 mm per step; 1-chamber per the type code"
Bobbin EE 25 horizontal 10-pin 5.08mm-a 2-chamber (Norwe 10227-024),https://www.norwe.eu/katalogbilder/001/10225a01.pdf,enriched,2,"[5, 5]",20.32,5.08,,EE 25/1k/a7-8/5.08-ii/p6g Snap-on Cap EE 25,"ruled grid, 2.54 mm per step; 1-chamber per the type code"
Bobbin EE 25 horizontal 10-pin 5.08mm-b 2-chamber (Norwe 10176-106),https://www.norwe.eu/katalogbilder/001/10175a01.pdf,enriched,2,"[5, 5]",20.32,5.08,,EE 25/1k/d7-8/5.08-ii/A RV250 nat. Snap-on Cap EE 25,"ruled grid, 2.54 mm per step; 1-chamber per the type code"
Bobbin EE 25 horizontal 10-pin 5.08mm-d (Norwe 10175-106),https://www.norwe.eu/katalogbilder/001/10175a01.pdf,enriched,2,"[5, 5]",20.32,5.08,,EE 25/1k/d7-8/5.08-ii/A RV250 nat. Snap-on Cap EE 25,"ruled grid, 2.54 mm per step; 1-chamber per the type code"
Bobbin EE 25 horizontal 8-pin 5.0mm-gi 2-chamber (Norwe 10186-024),https://www.norwe.eu/katalogbilder/001/10185a01.pdf,enriched,2,"[4, 4]",20.0,5.0,,EE 25/1k/7-8/5.0-gi/p6g Potting Box EE 25,"ruled grid, 2.5 mm per step; 1-chamber per the type code"
Bobbin EE 25 horizontal longer-creepage 10-pin 5.08mm (Norwe 10165-106),https://www.norwe.eu/katalogbilder/001/10165a01.pdf,enriched,2,"[5, 5]",25.4,5.08,,EE 25/1k/K12/7-8/5.08-ik/A RV250 nat. 10165-106 Snap-on Cap EE 25/FG,"ruled grid, 2.54 mm per step; 1-chamber per the type code"
Bobbin EE 25 horizontal longer-creepage 10-pin 5.08mm 2-chamber (Norwe 10166-106),https://www.norwe.eu/katalogbilder/001/10166a01.pdf,enriched,2,"[5, 5]",25.4,5.08,,EE 25/2k/K12/7-8/5.08-ik/A RV250 nat. 10166-106 Spring-Clip SB-EF 25,"ruled grid, 2.54 mm per step; 2-chamber per the type code"
Bobbin EE 32 horizontal 12-pin 5.08mm (Norwe 10750-024),https://www.norwe.eu/katalogbilder/001/10750a01.pdf,enriched,2,"[6, 6]",25.4,5.08,,EE 32/1k/a7-8/5.08-kk/p6g Potting Box EF 32,"ruled grid, 2.54 mm per step; 1-chamber per the type code"
Bobbin EE 32 horizontal 12-pin 5.08mm 2-chamber (Norwe 10752-024),https://www.norwe.eu/katalogbilder/001/10750a01.pdf,enriched,2,"[6, 6]",25.4,5.08,,EE 32/1k/a7-8/5.08-kk/p6g Potting Box EF 32,"ruled grid, 2.54 mm per step; 1-chamber per the type code"
Bobbin EE 32 horizontal 12-pin 5.08mm 2-chamber-s (Norwe 10751-024),https://www.norwe.eu/katalogbilder/001/10750a01.pdf,enriched,2,"[6, 6]",25.4,5.08,,EE 32/1k/a7-8/5.08-kk/p6g Potting Box EF 32,"ruled grid, 2.54 mm per step; 1-chamber per the type code"
Bobbin EE 32 horizontal 14-pin 5.08mm-mk (Norwe 10567-106),https://www.norwe.eu/katalogbilder/001/10567a01.pdf,enriched,2,"[7, 7]",25.4,5.08,,EE 32/1k/7-8/5.08-mk/A RV250 nat. Spring-Clip SB-EF 32,"ruled grid, 2.54 mm per step; 1-chamber per the type code"
Bobbin EE 32 horizontal 14-pin 5.08mm-mk 2-chamber (Norwe 10568-106),https://www.norwe.eu/katalogbilder/001/10567a01.pdf,enriched,2,"[7, 7]",25.4,5.08,,EE 32/1k/7-8/5.08-mk/A RV250 nat. Spring-Clip SB-EF 32,"ruled grid, 2.54 mm per step; 1-chamber per the type code"
Bobbin EE 32 vertical 6-pin 7.5mm (Norwe 10560-024),https://www.norwe.eu/katalogbilder/001/10560a01.pdf,enriched,2,"[3, 3]",15.0,7.5,,EE 32/1k/3-8/7.5-gg/p6g 10560-024 on request,"ruled grid, 2.5 mm per step; 1-chamber per the type code"
Bobbin EER 28 vertical 12-pin (Norwe N0040-186),https://www.norwe.eu/katalogbilder/002/n0040a01.pdf,enriched,2,"[6, 6]",22.5,5.0,,EER 28/v12/-8/SKYT.5220FR onrequest on request,"ruled grid, 2.5 mm per step"
Bobbin EER 28L vertical 12-pin (Norwe N0041-186),https://www.norwe.eu/katalogbilder/002/n0041a01.pdf,enriched,2,"[6, 6]",22.5,5.0,,EER 28L/v12/-8/SKYT.5220FR onrequest on request,"ruled grid, 2.5 mm per step"
Bobbin EER 35 vertical 12-pin (Norwe N0042-186),https://www.norwe.eu/katalogbilder/002/n0042a01.pdf,enriched,2,"[6, 6]",22.5,5.0,,EER 35/v12/-8/SKYT.5220FR onrequest on request,"ruled grid, 2.5 mm per step"
Bobbin EER 40 vertical 12-pin (Norwe N0043-186),https://www.norwe.eu/katalogbilder/002/n0043a01.pdf,enriched,2,"[6, 6]",25.0,5.0,,EER 40/v12/-8/SKYT.5220FR onrequest on request,"ruled grid, 2.5 mm per step"
Bobbin EER 40L horizontal 16-pin (Norwe N0033-186),https://www.norwe.eu/katalogbilder/002/n0033a01.pdf,enriched,2,"[8, 8]",35.0,5.0,,EER 40L/h16/-8/SKYT.5220FR onrequest on request,"ruled grid, 2.5 mm per step"
Bobbin EER 42L vertical 14-pin (Norwe N0044-186),https://www.norwe.eu/katalogbilder/002/n0044a01.pdf,enriched,2,"[7, 7]",25.0,5.0,,EER 42L/v14/-8/SKYT.5220FR onrequest on request,"ruled grid, 2.5 mm per step"
Bobbin EER 48 horizontal 20-pin (Norwe N0036-186),https://www.norwe.eu/katalogbilder/002/n0036a01.pdf,enriched,2,"[10, 10]",30.0,5.0,,EER 48/h20/-8/SKYT.5220FR onrequest on request,"ruled grid, 2.5 mm per step"
Bobbin EER 48 vertical 20-pin (Norwe N0046-186),https://www.norwe.eu/katalogbilder/002/n0046a01.pdf,enriched,2,"[10, 10]",30.0,5.0,,EER 48/v20/-8/SKYT5220FR onrequest on request,"ruled grid, 2.5 mm per step"
Bobbin EER 48L horizontal 20-pin (Norwe N0037-186),https://www.norwe.eu/katalogbilder/002/n0037a01.pdf,enriched,2,"[10, 10]",35.0,5.0,,EER 48L/h20/-8/SKYT.5220FR onrequest on request,"ruled grid, 2.5 mm per step"
Bobbin EER 49L horizontal 20-pin (Norwe N0038-186),https://www.norwe.eu/katalogbilder/002/n0038a01.pdf,enriched,2,"[10, 10]",45.0,5.0,,EER 49L/h20/-8/SKYT.5220FR onrequest on request,"ruled grid, 2.5 mm per step"
Bobbin EER 49L vertical 20-pin (Norwe N0047-186),https://www.norwe.eu/katalogbilder/002/n0047a01.pdf,enriched,2,"[10, 10]",32.5,5.0,,EER 49L/v20/-8/SKYT.5220FR onrequest on request,"ruled grid, 2.5 mm per step"
Bobbin EER 54L horizontal 22-pin (Norwe N0039-186),https://www.norwe.eu/katalogbilder/002/n0039a01.pdf,enriched,2,"[11, 11]",30.0,5.0,,EER 54L/h22/-8/SKYT.5220FR onrequest on request,"ruled grid, 2.5 mm per step"
Bobbin EER 54L vertical 22-pin (Norwe N0048-186),https://www.norwe.eu/katalogbilder/002/n0048a01.pdf,enriched,2,"[11, 11]",35.0,5.0,,EER 54L/v22/-8/SKYT.5220FR onrequest on request,"ruled grid, 2.5 mm per step"
Bobbin EFD 15 8-pin 3.75mm (Norwe 94320-087),https://www.norwe.eu/katalogbilder/008/94320a01.pdf,enriched,2,"[4, 4]",13.75,3.75,,EFD 15/1k/8-6/3.75/rtg Clip SB-EFD 15,"unruled panel, scale from its own dimension, every distance printed on the sheet; 1-chamber per the type code"
Bobbin EFD 15 8-pin 3.75mm 3-chamber (Norwe N0180-087),https://www.norwe.eu/katalogbilder/008/94320a01.pdf,enriched,2,"[4, 4]",13.75,3.75,,EFD 15/1k/8-6/3.75/rtg Clip SB-EFD 15,"unruled panel, scale from its own dimension, every distance printed on the sheet; 1-chamber per the type code"
Bobbin EP 10 8-pin 2.54mm (Norwe 90084-087),https://www.norwe.eu/katalogbilder/009/90084a01.pdf,enriched,2,"[4, 4]",7.62,2.54,,EP 10/1k/8-6/2.54-dd/rtg 90084-087 Spring-Clip SB-EP 10,"unruled panel, scale from its own dimension, every distance printed on the sheet; 1-chamber per the type code"
Bobbin EP 10 8-pin 2.54mm 2-chamber (Norwe 90085-087),https://www.norwe.eu/katalogbilder/009/90084a01.pdf,enriched,2,"[4, 4]",7.62,2.54,,EP 10/2k/8-6/2.54-dd/rtg 90085-087,"unruled panel, scale from its own dimension, every distance printed on the sheet; 2-chamber per the type code"
Bobbin EP 13 10-pin 2.54mm (Norwe 90062-087),https://www.norwe.eu/katalogbilder/009/90062a01.pdf,enriched,2,"[5, 5]",10.16,2.54,,EP 13/1k/10-6/2.54-ee/rtg 90062-087 Spring-Clip SB-EP 13,"ruled grid, 2.54 mm per step; 1-chamber per the type code"
Bobbin EP 13 10-pin 2.54mm 2-chamber (Norwe 90063-087),https://www.norwe.eu/katalogbilder/009/90062a01.pdf,enriched,2,"[5, 5]",10.16,2.54,,EP 13/2k/10-6/2.54-ee/rtg 90063-087,"ruled grid, 2.54 mm per step; 2-chamber per the type code"
Bobbin EP 17 8-pin 5.08mm (Norwe 90064-087),https://www.norwe.eu/katalogbilder/009/90067a01.pdf,enriched,2,"[4, 4]",15.24,5.08,,EP 17/1k/8-6/5.08-gg/rtg 90064-087 Spring-Clip SB-EP 17,"ruled grid, 2.54 mm per step; 1-chamber per the type code"
Bobbin EP 17 8-pin 5.08mm 2-chamber (Norwe 90068-087),https://www.norwe.eu/katalogbilder/009/90067a01.pdf,enriched,2,"[4, 4]",15.24,5.08,,EP 17/2k/8-8/5.08-gg/rtg 90068-087,"ruled grid, 2.54 mm per step; 2-chamber per the type code"
Bobbin EP 17 8-pin 5.08mm 2-chamber (Norwe N0200-087),https://www.norwe.eu/katalogbilder/009/90067a01.pdf,enriched,2,"[4, 4]",15.24,5.08,,EP 17/2k/8-6/5.08-gg/rtg N0200-087,"ruled grid, 2.54 mm per step; 2-chamber per the type code"
Bobbin EP 20 10-pin 5.08mm (Norwe 90069-087),https://www.norwe.eu/katalogbilder/009/90086a01.pdf,enriched,2,"[5, 5]",17.78,5.08,,EP 20/1k/10-6/5.08-ih/rtg 90069-087 Spring-Clip SB-EP 20,"ruled grid, 2.54 mm per step; 1-chamber per the type code"
Bobbin EP 20 10-pin 5.08mm (Norwe 90086-087),https://www.norwe.eu/katalogbilder/009/90086a01.pdf,enriched,2,"[5, 5]",17.78,5.08,,EP 20/1k/10-8/5.08-ih/rtg 90086-087,"ruled grid, 2.54 mm per step; 1-chamber per the type code"
Bobbin EP 20 10-pin 5.08mm 2-chamber (Norwe 90087-087),https://www.norwe.eu/katalogbilder/009/90086a01.pdf,enriched,2,"[5, 5]",17.78,5.08,,EP 20/2k/10-8/5.08-ih/rtg 90087-087,"ruled grid, 2.54 mm per step; 2-chamber per the type code"
Bobbin EP 20 10-pin 5.08mm 2-chamber (Norwe N0201-087),https://www.norwe.eu/katalogbilder/009/90086a01.pdf,enriched,2,"[5, 5]",17.78,5.08,,EP 20/2k/10-6/5.08-ih/rtg N0201-087,"ruled grid, 2.54 mm per step; 2-chamber per the type code"
Bobbin EP 7 6-pin 2.54mm 2-chamber (Norwe 90083-087),https://www.norwe.eu/katalogbilder/009/90082a01.pdf,enriched,2,"[3, 3]",5.08,2.54,,EP 7/2k/6-6/2.54-cc/rtg 90083-087,"unruled panel, scale from its own dimension, every distance printed on the sheet; 2-chamber per the type code"
Bobbin ETD 19 horizontal lr 10-pin (Norwe N0001-186),https://www.norwe.eu/katalogbilder/002/n0001a01.pdf,enriched,2,"[5, 5]",20.32,5.08,,ETD 19/lr/h10/-1/SKYT.5220FR onrequest Clip FK-ETD 19,"ruled grid, 2.54 mm per step"
Bobbin ETD 19 horizontal lr 2-chamber 10-pin (Norwe N0002-186),https://www.norwe.eu/katalogbilder/002/n0001a01.pdf,enriched,2,"[5, 5]",20.32,5.08,,ETD 19/lr/h10/-1/SKYT.5220FR onrequest Clip FK-ETD 19,"ruled grid, 2.54 mm per step"
Bobbin ETD 19 vertical 10-pin flanged (Norwe N0014-186),https://www.norwe.eu/katalogbilder/002/n0014a01.pdf,enriched,2,"[5, 5]",15.24,5.08,,ETD 19/v10/fl/-1/SKYT.5220FR onrequest Clip FK-ETD 19,"ruled grid, 2.54 mm per step"
Bobbin ETD 24 vertical 12-pin flanged (Norwe N0015-186),https://www.norwe.eu/katalogbilder/002/n0015a01.pdf,enriched,2,"[6, 6]",17.78,5.08,,ETD 24/v12/fl/-1/SKYT.5220FR onrequest Clip FK-ETD 24,"ruled grid, 2.54 mm per step"
Bobbin ETD 29 horizontal lr 12-pin (Norwe N0005-186),https://www.norwe.eu/katalogbilder/002/n0005a01.pdf,enriched,2,"[6, 6]",25.4,5.08,,ETD 29/lr/h12/-1/SKYT.5220FR N0005-186 Clip FK-ETD 29,"ruled grid, 2.54 mm per step"
Bobbin ETD 29 horizontal lr 2-chamber 12-pin (Norwe N0006-186),https://www.norwe.eu/katalogbilder/002/n0005a01.pdf,enriched,2,"[6, 6]",25.4,5.08,,ETD 29/lr/2k/h12/-1/SKYT.5220FR N0006-186 Potting Box ETD 29 hg/lr,"ruled grid, 2.54 mm per step; 2-chamber per the type code"
Bobbin ETD 34 horizontal lr 2-chamber 14-pin (Norwe 90599-186),https://www.norwe.eu/katalogbilder/002/90574a01.pdf,enriched,2,"[7, 7]",25.4,5.08,,ETD 34/lr/h14/-1/SKYT.5220FR Clip FK-ETD 34,"ruled grid, 2.54 mm per step"
Bobbin ETD 39 horizontal lr 2-chamber 16-pin (Norwe 90600-186),https://www.norwe.eu/katalogbilder/002/90575a01.pdf,enriched,2,"[8, 8]",30.48,5.08,,ETD 39/lr/h16/-1/SKYT.5220FR Clip FK-ETD 39,"ruled grid, 2.54 mm per step"
Bobbin ETD 49 vertical 20-pin flanged (Norwe N0017-186),https://www.norwe.eu/katalogbilder/002/n0017a01.pdf,enriched,2,"[10, 10]",30.48,5.08,,ETD 49/v20/fl/-1/SKYT.5220FR onrequest Clip FK-ETD 49,"ruled grid, 2.54 mm per step"
Bobbin ETD 54 horizontal lr 2-chamber 24-pin (Norwe N0011-186),https://www.norwe.eu/katalogbilder/002/n0010a01.pdf,enriched,2,"[12, 12]",45.72,5.08,,ETD 54/lr/h24/-1/SKYT.5220FR onrequest Clip FK-ETD 54,"ruled grid, 2.54 mm per step"
Bobbin ETD 54 horizontal lr 24-pin (Norwe N0010-186),https://www.norwe.eu/katalogbilder/002/n0010a01.pdf,enriched,2,"[12, 12]",45.72,5.08,,ETD 54/lr/h24/-1/SKYT.5220FR onrequest Clip FK-ETD 54,"ruled grid, 2.54 mm per step"
Bobbin ETD 54 vertical 22-pin flanged (Norwe N0018-186),https://www.norwe.eu/katalogbilder/002/n0018a01.pdf,enriched,2,"[11, 11]",33.02,5.08,,ETD 54/v22/fl/-1/SKYT.5220FR onrequest Clip FK-ETD 54,"ruled grid, 2.54 mm per step"
Bobbin ETD 59 horizontal lr 2-chamber 26-pin (Norwe N0013-186),https://www.norwe.eu/katalogbilder/002/n0012a01.pdf,enriched,2,"[13, 13]",50.8,5.08,,ETD 59/lr/h26/-1/SKYT.5220FR onrequest Clip FK-ETD 59,"ruled grid, 2.54 mm per step"
Bobbin ETD 59 horizontal lr 26-pin (Norwe N0012-186),https://www.norwe.eu/katalogbilder/002/n0012a01.pdf,enriched,2,"[13, 13]",50.8,5.08,,ETD 59/lr/h26/-1/SKYT.5220FR onrequest Clip FK-ETD 59,"ruled grid, 2.54 mm per step"
Bobbin M 30a vertical 12-pin 5.08mm (Norwe 00635-106),https://www.norwe.eu/katalogbilder/001/00635a01.pdf,enriched,2,"[6, 6]",15.24,5.08,,M 30a/1k/9-8/5.08-kg/A RV250 nat. 00635-106 Latching-Clip FB-E 30,"ruled grid, 2.54 mm per step; 1-chamber per the type code"
Bobbin M 30a vertical 12-pin 5.08mm 2-chamber (Norwe N0116-106),https://www.norwe.eu/katalogbilder/001/00635a01.pdf,enriched,2,"[6, 6]",15.24,5.08,,M 30a/2k/9-8/5.08-kg/A RV250 nat. N0116-106 onrequest Spring-Clip SB-E 30,"ruled grid, 2.54 mm per step; 2-chamber per the type code"
Bobbin M 30a vertical 6-pin 7.5mm (Norwe 00630-106),https://www.norwe.eu/katalogbilder/001/00630a01.pdf,enriched,2,"[3, 3]",12.5,7.5,,M 30a/1k/9-8/7.5-gf/A RV250 nat. Latching-Clip FB-E 30,"ruled grid, 2.5 mm per step; 1-chamber per the type code"
Bobbin M 30a vertical 6-pin 7.5mm 2-chamber (Norwe 00631-106),https://www.norwe.eu/katalogbilder/001/00630a01.pdf,enriched,2,"[3, 3]",12.5,7.5,,M 30a/1k/9-8/7.5-gf/A RV250 nat. Latching-Clip FB-E 30,"ruled grid, 2.5 mm per step; 1-chamber per the type code"
Bobbin M 42 vertical 12-pin 5.0mm (Norwe 01420-024),https://www.norwe.eu/katalogbilder/001/01420a01.pdf,enriched,2,"[6, 6]",30.0,5.0,,M 42/1k/4-8/5.0-km/p6g 01420-024 on request,"ruled grid, 2.5 mm per step; 1-chamber per the type code"
Bobbin M 42 vertical 12-pin 5.0mm 2-chamber (Norwe 01421-024),https://www.norwe.eu/katalogbilder/001/01420a01.pdf,enriched,2,"[6, 6]",30.0,5.0,,M 42/2k/4-8/5.0-km/p6g 01421-024,"ruled grid, 2.5 mm per step; 2-chamber per the type code"
Bobbin M 42 vertical 12-pin 5.0mm-a (Norwe 01400-024),https://www.norwe.eu/katalogbilder/001/01400a01.pdf,enriched,2,"[6, 6]",30.0,5.0,,M 42/1k/a4-8/5.0-km/p6g on request,"ruled grid, 2.5 mm per step; 1-chamber per the type code"
Bobbin M 55 vertical 14-pin 5.0mm (Norwe 01660-024),https://www.norwe.eu/katalogbilder/001/01660a01.pdf,enriched,2,"[7, 7]",40.0,5.0,,M 55/1k/4-8/5.0-mq/p6g on request,"ruled grid, 2.5 mm per step; 1-chamber per the type code"
Bobbin M 55 vertical 24-pin 5.0mm-9 (Norwe 92055-106),https://www.norwe.eu/katalogbilder/001/92055a01.pdf,enriched,2,"[12, 12]",30.0,5.0,,M 55/1k/9-8/5.0-wm/A RV250 nat.,"ruled grid, 2.5 mm per step; 1-chamber per the type code"
Bobbin PQ 16-11 8-pin (Norwe 90820-186),https://www.norwe.eu/katalogbilder/004/90820a01.pdf,enriched,2,"[4, 4]",35.56,7.62,15.24,PQ 16-11/1k/-6/gh/SKYT.5220FR 90820-186 on request,"ruled grid, 2.54 mm per step; 1-chamber per the type code"
Bobbin PQ 32-20 12-pin (Norwe 90366-186),https://www.norwe.eu/katalogbilder/004/90366a01.pdf,enriched,2,"[6, 6]",30.48,5.08,7.62,PQ 32-20/1k/-8/lm/SKYT.5220FR 90366-186 on request,"ruled grid, 2.54 mm per step; 1-chamber per the type code"
Bobbin PQ 32-20 12-pin 2-chamber (Norwe 90832-186),https://www.norwe.eu/katalogbilder/004/90832a01.pdf,enriched,2,"[6, 6]",30.48,5.08,7.62,PQ 32-20/2k/-8/lm/SKYT.5220FR 90832-186,"ruled grid, 2.54 mm per step; 2-chamber per the type code"
Bobbin PQ 32-30 12-pin (Norwe 90367-186),https://www.norwe.eu/katalogbilder/004/90367a01.pdf,enriched,2,"[6, 6]",30.48,5.08,7.62,PQ 32-30/1k/-8/lm/SKYT.5220FR 90367-186 on request,"ruled grid, 2.54 mm per step; 1-chamber per the type code"
Bobbin PQ 32-30 12-pin 2-chamber (Norwe 90833-186),https://www.norwe.eu/katalogbilder/004/90833a01.pdf,enriched,2,"[6, 6]",30.48,5.08,7.62,PQ 32-30/2k/-8/lm/SKYT.5220FR 90833-186,"ruled grid, 2.54 mm per step; 2-chamber per the type code"
Bobbin PQ 40-40 12-pin (Norwe 90370-186),https://www.norwe.eu/katalogbilder/004/90370a01.pdf,enriched,2,"[6, 6]",38.1,5.08,15.24,PQ 40-40/1k/-8/op/SKYT.5220FR 90370-186 on request,"ruled grid, 2.54 mm per step; 1-chamber per the type code"
Bobbin PQ 40-40 12-pin 2-chamber (Norwe N0510-186),https://www.norwe.eu/katalogbilder/004/n0510a01.pdf,enriched,2,"[6, 6]",38.1,5.08,15.24,PQ 40-40/2k/-8/op/SKYT.5220FR N0510-186 onrequest,"ruled grid, 2.54 mm per step; 2-chamber per the type code"
Bobbin EC 35 horizontal 6-pin (Norwe 90214-024),https://www.norwe.eu/katalogbilder/005/90214a01.pdf,refused,,,,,,EC 35/-8/h11/p6g Clip FK-EC 35,only one of the two rows is drawn with a central gap
Bobbin EC 35 horizontal 6-pin variant (Norwe 90213-024),https://www.norwe.eu/katalogbilder/005/90213a01.pdf,refused,,,,,,EC 35/-1/h11/p6g Clip FK-EC 35,only one of the two rows is drawn with a central gap
Bobbin EE 10 vertical 6-pin (Norwe 09640-024),https://www.norwe.eu/katalogbilder/001/09640a01.pdf,refused,,,,,,EE 10/1k/3-6/5.0-cc/p6g on request,the pin field is 2x2; which axis is a row is ambiguous
Bobbin EE 12.6 horizontal 6-pin (Norwe 92033-181),https://www.norwe.eu/katalogbilder/001/92033a01.pdf,refused,,,,,,"EE 12.6/1k/5-6/2.5-ce/A3X2G10,sw Potting Box EE 12.6",the pin-side panel is not ruled and its dimensions do not fix a scale the rest of the sheet confirms
Bobbin EE 12.6 horizontal 6-pin 3.81mm (Norwe 09775-106),https://www.norwe.eu/katalogbilder/001/09775a01.pdf,refused,,,,,,EE 12.6/1k/7-6/3.81-d(10.16)/A RV250 nat. Spring-Clip SB-EF 12.6,the pin-side panel is not ruled and its dimensions do not fix a scale the rest of the sheet confirms
Bobbin EE 12.6 horizontal 6-pin 3.81mm 2-chamber (Norwe N0098-106),https://www.norwe.eu/katalogbilder/001/n0098a01.pdf,refused,,,,,,EE 12.6/1k/7-6/3.81-d(10.16)/A RV250 nat. Spring-Clip SB-EF 12.6,the pin-side panel is not ruled and its dimensions do not fix a scale the rest of the sheet confirms
Bobbin EE 12.6 horizontal 8-pin (Norwe 09750-047),https://www.norwe.eu/katalogbilder/001/09750a01.pdf,refused,,,,,,EE 12.6/1k/7-8/7.5-df/pcg Spring-Clip SB-EF 12.6,the pin field is 2x2; which axis is a row is ambiguous
Bobbin EE 12.6 horizontal 8-pin 2-chamber (Norwe 09751-047),https://www.norwe.eu/katalogbilder/001/09750a01.pdf,refused,,,,,,EE 12.6/1k/7-8/7.5-df/pcg Spring-Clip SB-EF 12.6,the pin field is 2x2; which axis is a row is ambiguous
Bobbin EE 12.6 horizontal longer-creepage 6-pin 3.81mm (Norwe N0138-106),https://www.norwe.eu/katalogbilder/001/n0138a01.pdf,refused,,,,,,EE 12.6/1k/K9.5/7-6/3.81-d(15.24)/A RV 250 nat. N0138-106 Spring-Clip SB-EF 12.6,the pin-side panel is not ruled and its dimensions do not fix a scale the rest of the sheet confirms
Bobbin EE 12.6 horizontal longer-creepage 6-pin 3.81mm 2-chamber (Norwe N0139-106),https://www.norwe.eu/katalogbilder/001/n0139a01.pdf,refused,,,,,,EE 12.6/2k/K9.5/7-6/3.81-d(15.24)/A RV 250 nat. N0139-106,the pin-side panel is not ruled and its dimensions do not fix a scale the rest of the sheet confirms
Bobbin EE 16 horizontal 6-pin 3.75mm-c (Norwe 09845-024),https://www.norwe.eu/katalogbilder/001/09845a01.pdf,refused,,,,,,"EE 16/1k/7-6/3,75-c(12,5)/p6g Snap-on Potting Box EE 16",the pin-side panel is not ruled and its dimensions do not fix a scale the rest of the sheet confirms
Bobbin EE 16 horizontal longer-creepage 6-pin 3.81mm (Norwe 09873-106),https://www.norwe.eu/katalogbilder/001/09873a01.pdf,refused,,,,,,EE 16/1k/11/7-6/3.81-d(20.32)/A RV250 nat. 09873-106 Spring-Clip SB-EF 16,the pin-side panel dimensions nothing
Bobbin EE 16 horizontal longer-creepage 6-pin 3.81mm 2-chamber (Norwe 09874-106),https://www.norwe.eu/katalogbilder/001/09874a01.pdf,refused,,,,,,EE 16/2k/11/7-6/3.81-d(20.32)/A RV250 nat. 09874-106,the pin-side panel dimensions nothing
Bobbin EE 16 vertical 6-pin 3.81mm 2-chamber (Norwe 09876-106),https://www.norwe.eu/katalogbilder/001/09876a01.pdf,refused,,,,,,EE 16/1k/9-6/3.81-d(8.89)/A RV250 nat. Spring-Clip SB-EF 16,"record says 6 pins, the drawing has 8"
Bobbin EE 20 horizontal 6-pin 2.5mm (Norwe 10037-106),https://www.norwe.eu/katalogbilder/001/10037a01.pdf,refused,,,,,,"EE 20/1k/e7-6/2,5-g(h),bh/A RV250 nat. 10037-106 Spring-Clip SB-EF/E 20",the panel draws 4 rows of pins - several footprint variants share this sheet
Bobbin EE 20 horizontal 6-pin 2.5mm 2-chamber (Norwe N0105-106),https://www.norwe.eu/katalogbilder/001/10037a01.pdf,refused,,,,,,"EE 20/2k/a7-6/2,5-g(h),bh/A RV250 nat. N0105-106 onrequest Potting Box EE 20/vlf",the panel draws 4 rows of pins - several footprint variants share this sheet
Bobbin EE 20 horizontal 6-pin 2.5mm x2g5 (Norwe 10045-017),https://www.norwe.eu/katalogbilder/001/10045a01.pdf,refused,,,,,,"EE 20/1k/c7-6/2.5-g(h),bh/x2g5 Spring-Clip SB-EF/E 20",the panel draws 4 rows of pins - several footprint variants share this sheet
Bobbin EE 20 horizontal 6-pin 2.5mm x2g5 2-chamber (Norwe 10046-017),https://www.norwe.eu/katalogbilder/001/10045a01.pdf,refused,,,,,,"EE 20/1k/c7-6/2.5-g(h),bh/x2g5 Spring-Clip SB-EF/E 20",the panel draws 4 rows of pins - several footprint variants share this sheet
Bobbin EE 20 horizontal 6-pin 2.5mm-f (Norwe 10050-106),https://www.norwe.eu/katalogbilder/001/10050a01.pdf,refused,,,,,,"EE 20/1k/f7-6/2,5-g(h),bh/A RV250 nat. 10050-106 Spring-Clip SB-EF/E 20",the panel draws 4 rows of pins - several footprint variants share this sheet
Bobbin EE 20 horizontal 6-pin 2.5mm-f 2-chamber (Norwe 10051-106),https://www.norwe.eu/katalogbilder/001/10050a01.pdf,refused,,,,,,"EE 20/2k/f7-6/2,5-g(h),bh/A RV250 nat. 10051-106 Snap-on Potting Box EE 20/25.0",the panel draws 4 rows of pins - several footprint variants share this sheet
Bobbin EE 20 horizontal 6-pin 2.5mm-g (Norwe 10055-106),https://www.norwe.eu/katalogbilder/001/10055a01.pdf,refused,,,,,,"EE 20/1k/g7-6/2,5-g(h),bh/A RV250 nat. 10055-106 Spring-Clip SB-EF/E 20",the panel draws 4 rows of pins - several footprint variants share this sheet
Bobbin EE 20 horizontal 6-pin 2.5mm-g 2-chamber (Norwe 10056-106),https://www.norwe.eu/katalogbilder/001/10055a01.pdf,refused,,,,,,"EE 20/2k/g7-6/2,5-g(h),bh/A RV250 nat. 10056-106 Snap-on Potting Box EE 20/25.0",the panel draws 4 rows of pins - several footprint variants share this sheet
Bobbin EE 20 horizontal 6-pin 5.0mm (Norwe 09970-024),https://www.norwe.eu/katalogbilder/001/09970a01.pdf,refused,,,,,,EE 20/1k/7-6/5.0-gg/p6g Potting Box EE 20,"record says 6 pins, the drawing has 8"
Bobbin EE 20 horizontal 6-pin 5.0mm 2-chamber (Norwe 09971-024),https://www.norwe.eu/katalogbilder/001/09970a01.pdf,refused,,,,,,EE 20/1k/7-6/5.0-gg/p6g Potting Box EE 20,"record says 6 pins, the drawing has 8"
Bobbin EE 20 horizontal 8-pin 5.0mm (Norwe 09950-024),https://www.norwe.eu/katalogbilder/001/09950a01.pdf,refused,,,,,,EE 20/1k/5-8/5.0-eg/p6g Potting Box EE 20,rowDistance is not a whole number of grid steps
Bobbin EE 20 horizontal 8-pin 5.0mm 2-chamber (Norwe 09951-024),https://www.norwe.eu/katalogbilder/001/09950a01.pdf,refused,,,,,,EE 20/1k/5-8/5.0-eg/p6g Potting Box EE 20,rowDistance is not a whole number of grid steps
Bobbin EE 20 horizontal longer-creepage 8-pin 3.81mm (Norwe 09990-106),https://www.norwe.eu/katalogbilder/001/09990a01.pdf,refused,,,,,,EE 20/1k/K11/7-8/3.81-e(20.32)/A RV250 nat. 09990-106 Spring-Clip SB-EF/E 20,the pin-side panel is not ruled and its dimensions do not fix a scale the rest of the sheet confirms
Bobbin EE 20 horizontal longer-creepage 8-pin 3.81mm 2-chamber (Norwe 09991-106),https://www.norwe.eu/katalogbilder/001/09991a01.pdf,refused,,,,,,EE 20/2k/K11/7-8/3.81-e(20.32)/A RV250 nat. 09991-106,the pin-side panel is not ruled and its dimensions do not fix a scale the rest of the sheet confirms
Bobbin EE 20 vertical 8-pin 5.0mm (Norwe 09930-024),https://www.norwe.eu/katalogbilder/001/09930a01.pdf,refused,,,,,,"EE 20/1k/3-8/5,0-ee/p6g on request","record says 8 pins, the drawing has 6"
Bobbin EE 20 vertical 8-pin 5.0mm 2-chamber (Norwe 09931-024),https://www.norwe.eu/katalogbilder/001/09930a01.pdf,refused,,,,,,"EE 20/1k/3-8/5,0-ee/p6g on request","record says 8 pins, the drawing has 6"
Bobbin EE 20 vertical 8-pin 5.0mm-9 (Norwe 09946-106),https://www.norwe.eu/katalogbilder/001/09946a01.pdf,refused,,,,,,EE 20/1k/9-8/5.0-ee/A RV250 nat. 09946-106 Spring-Clip SB-EF/E 20,"record says 8 pins, the drawing has 6"
Bobbin EE 20 vertical 8-pin 5.0mm-9 2-chamber (Norwe 09947-106),https://www.norwe.eu/katalogbilder/001/09946a01.pdf,refused,,,,,,EE 20/2k/9-8/5.0-ee/A RV250 nat. 09947-106,"record says 8 pins, the drawing has 6"
Bobbin EE 20 vertical 8-pin 5.0mm-a (Norwe 09936-024),https://www.norwe.eu/katalogbilder/001/09936a01.pdf,refused,,,,,,EE 20/1k/a3-8/5.0-ee/p6g on request,"record says 8 pins, the drawing has 6"
Bobbin EE 20 vertical longer-creepage 8-pin 3.81mm (Norwe 10043-106),https://www.norwe.eu/katalogbilder/001/10043a01.pdf,refused,,,,,,EE 20/1k/K11/9-8/3.81-e(15.24)/A RV250 nat. 10043-106 Spring-Clip SB-EF/E 20,the pin-side panel is not ruled and its dimensions do not fix a scale the rest of the sheet confirms
Bobbin EE 20 vertical longer-creepage 8-pin 3.81mm 2-chamber (Norwe N0199-106),https://www.norwe.eu/katalogbilder/001/10043a01.pdf,refused,,,,,,EE 20/2k/K11/9-8/3.81-e(15.24)/A RV250 nat. N0199-106,the pin-side panel is not ruled and its dimensions do not fix a scale the rest of the sheet confirms
Bobbin EE 20 vertical longer-creepage 8-pin 5.0mm (Norwe N0196-106),https://www.norwe.eu/katalogbilder/001/n0196a01.pdf,refused,,,,,,EE 20/1k/K12/9-8/5.0-eg/A RV250 nat. N0196-106 onrequest Spring-Clip SB-EF 20,"record says 8 pins, the drawing has 6"
Bobbin EE 20 vertical longer-creepage 8-pin 5.0mm 2-chamber (Norwe N0197-106),https://www.norwe.eu/katalogbilder/001/n0197a01.pdf,refused,,,,,,EE 20/2k/K12/9-8/5.0-eg/A RV250 nat. N0197-106 onrequest,"record says 8 pins, the drawing has 6"
Bobbin EE 25 horizontal 8-pin 5.0mm (Norwe 10172-024),https://www.norwe.eu/katalogbilder/001/10172a01.pdf,refused,,,,,,EE 25/1k/a5-8/5.0-ei/p6g Potting Box EE 25,rowDistance is not a whole number of grid steps
Bobbin EE 25 horizontal 8-pin 5.0mm 2-chamber (Norwe 10173-024),https://www.norwe.eu/katalogbilder/001/10172a01.pdf,refused,,,,,,EE 25/1k/a5-8/5.0-ei/p6g Potting Box EE 25,rowDistance is not a whole number of grid steps
Bobbin EE 25 vertical 8-pin 7.5mm (Norwe 10340-106),https://www.norwe.eu/katalogbilder/001/10340a01.pdf,refused,,,,,,EE 25/1k/9-8/7.5-jf/A RV250 nat. 10340-106 on request,"the pin gaps along a row are irregular ([15.0, 7.5])"
Bobbin EE 25 vertical 8-pin 7.5mm 2-chamber (Norwe 10341-106),https://www.norwe.eu/katalogbilder/001/10340a01.pdf,refused,,,,,,EE 25/2k/9-8/7.5-jf/A RV250 nat. 10341-106,"the pin gaps along a row are irregular ([15.0, 7.5])"
Bobbin EE 8 horizontal 6-pin (Norwe 09520-106),https://www.norwe.eu/katalogbilder/001/09520a01.pdf,refused,,,,,,EE 8/1k/6-4/2.54-cc/A RV250 nat. on request,"the pin gaps along a row are irregular ([2.54, 2.5])"
Bobbin EE 8 vertical 6-pin (Norwe N0106-106),https://www.norwe.eu/katalogbilder/001/n0106a01.pdf,refused,,,,,,EE 8/1k/8-6/2.54-cc/A RV250 nat. N0106-106 onrequest on request,"the pin gaps along a row are irregular ([2.5, 2.54])"
Bobbin EFD 20 6-pin 2.5mm (Norwe 94322-087),https://www.norwe.eu/katalogbilder/008/94322a01.pdf,refused,,,,,,EFD 20/1k/8-6/2.5/rtg Clip SB-EFD 20,"type code 'EFD 20/1k/8-6/2.5/rtg Clip SB-EFD 20' states a 2.5 mm pitch, the drawing measures 5.0 mm"
Bobbin EFD 20 6-pin 2.5mm 10-wire (Norwe 94323-087),https://www.norwe.eu/katalogbilder/008/94323a01.pdf,refused,,,,,,EFD 20/1k/10-6/2.5/rtg Clip SB-EFD 20,rowDistance is not a whole number of grid steps
Bobbin EFD 20 6-pin 2.5mm 10-wire 3-chamber (Norwe N0182-087),https://www.norwe.eu/katalogbilder/008/94323a01.pdf,refused,,,,,,EFD 20/1k/10-6/2.5/rtg Clip SB-EFD 20,rowDistance is not a whole number of grid steps
Bobbin EFD 20 6-pin 2.5mm 3-chamber (Norwe N0181-087),https://www.norwe.eu/katalogbilder/008/94322a01.pdf,refused,,,,,,EFD 20/1k/8-6/2.5/rtg Clip SB-EFD 20,"type code 'EFD 20/1k/8-6/2.5/rtg Clip SB-EFD 20' states a 2.5 mm pitch, the drawing measures 5.0 mm"
Bobbin EFD 20 8-pin 2.5mm (Norwe N0185-181),https://www.norwe.eu/katalogbilder/008/n0185a01.pdf,refused,,,,,,EFD 20/1k/8-8/2.5/A3X2G10 onrequest Clip SB-EFD 20,"type code 'EFD 20/1k/8-8/2.5/A3X2G10 onrequest Clip SB-EFD 20' states a 2.5 mm pitch, the drawing measures 5.0 mm"
Bobbin EFD 20 8-pin 2.5mm 10-wire (Norwe 94321-181),https://www.norwe.eu/katalogbilder/008/94321a01.pdf,refused,,,,,,EFD 20/1k/10-8/2.5/A3X2G10 Clip SB-EFD 20,rowDistance is not a whole number of grid steps
Bobbin EFD 20 8-pin 2.5mm 10-wire 3-chamber (Norwe N0187-181),https://www.norwe.eu/katalogbilder/008/94321a01.pdf,refused,,,,,,EFD 20/1k/10-8/2.5/A3X2G10 Clip SB-EFD 20,rowDistance is not a whole number of grid steps
Bobbin EFD 20 8-pin 2.5mm 3-chamber (Norwe 94803-181),https://www.norwe.eu/katalogbilder/008/94803a01.pdf,refused,,,,,,EFD 20/1k/8-8/2.5/A3X2G10 onrequest Clip SB-EFD 20,"type code 'EFD 20/1k/8-8/2.5/A3X2G10 onrequest Clip SB-EFD 20' states a 2.5 mm pitch, the drawing measures 5.0 mm"
Bobbin EFD 25 6-pin 2.5mm (Norwe 94324-087),https://www.norwe.eu/katalogbilder/008/94324a01.pdf,refused,,,,,,EFD 25/1k/10-6/2.5/rtg on request,"type code 'EFD 25/1k/10-6/2.5/rtg on request' states a 2.5 mm pitch, the drawing measures 5.0 mm"
Bobbin EFD 25 6-pin 2.5mm 3-chamber (Norwe 94328-087),https://www.norwe.eu/katalogbilder/008/94324a01.pdf,refused,,,,,,EFD 25/1k/10-6/2.5/rtg on request,"type code 'EFD 25/1k/10-6/2.5/rtg on request' states a 2.5 mm pitch, the drawing measures 5.0 mm"
Bobbin EFD 25 8-pin 2.5mm (Norwe 94325-181),https://www.norwe.eu/katalogbilder/008/94325a01.pdf,refused,,,,,,EFD 25/1k/10-8/2.5/A3X2G10 on request,"type code 'EFD 25/1k/10-8/2.5/A3X2G10 on request' states a 2.5 mm pitch, the drawing measures 5.0 mm"
Bobbin EFD 25 8-pin 2.5mm 3-chamber (Norwe N0188-181),https://www.norwe.eu/katalogbilder/008/94325a01.pdf,refused,,,,,,EFD 25/1k/10-8/2.5/A3X2G10 on request,"type code 'EFD 25/1k/10-8/2.5/A3X2G10 on request' states a 2.5 mm pitch, the drawing measures 5.0 mm"
Bobbin EFD 30 6-pin 2.5mm (Norwe 94326-087),https://www.norwe.eu/katalogbilder/008/94326a01.pdf,refused,,,,,,EFD 30/1k/12-6/2.5/rtg Potting Box EFD 30,the panel draws 3 rows of pins - several footprint variants share this sheet
Bobbin EFD 30 6-pin 2.5mm 3-chamber (Norwe 94329-087),https://www.norwe.eu/katalogbilder/008/94326a01.pdf,refused,,,,,,EFD 30/1k/12-6/2.5/rtg Potting Box EFD 30,the panel draws 3 rows of pins - several footprint variants share this sheet
Bobbin EFD 30 8-pin 2.5mm (Norwe 94327-181),https://www.norwe.eu/katalogbilder/008/94327a01.pdf,refused,,,,,,EFD 30/1k/12-8/2.5/A3X2G10 Potting Box EFD 30,two pin dots share one position in the panel
Bobbin EFD 30 8-pin 2.5mm 3-chamber (Norwe N0189-181),https://www.norwe.eu/katalogbilder/008/94327a01.pdf,refused,,,,,,EFD 30/1k/12-8/2.5/A3X2G10 Potting Box EFD 30,two pin dots share one position in the panel
Bobbin ETD 19 vertical 10-pin side-wrap (Norwe 90755-186),https://www.norwe.eu/katalogbilder/002/90755a01.pdf,refused,,,,,,ETD 19/v10/s-/SKYT.5220FR Clip FK-ETD 19,the pin field is 5x5; which axis is a row is ambiguous
Bobbin ETD 24 vertical 12-pin side-wrap (Norwe 90756-186),https://www.norwe.eu/katalogbilder/002/90756a01.pdf,refused,,,,,,ETD 24/v12/s-/SKYT.5220FR Clip FK-ETD 24,the panel draws 5 rows of pins - several footprint variants share this sheet
Bobbin ETD 29 horizontal lr 13-pin (Norwe 90572-186),https://www.norwe.eu/katalogbilder/002/90572a01.pdf,refused,,,,,,ETD 29/lr/h13/-1/SKYT.5220FR Clip FK-ETD 29,only one of the two rows is drawn with a central gap
Bobbin ETD 29 horizontal lr 2-chamber 13-pin (Norwe 90597-186),https://www.norwe.eu/katalogbilder/002/90572a01.pdf,refused,,,,,,ETD 29/lr/h13/-1/SKYT.5220FR Clip FK-ETD 29,only one of the two rows is drawn with a central gap
Bobbin ETD 29 vertical 12-pin side-wrap (Norwe 90761-186),https://www.norwe.eu/katalogbilder/002/90761a01.pdf,refused,,,,,,ETD 29/v12/s-/SKYT.5220FR Clip FK-ETD 29,the panel draws 5 rows of pins - several footprint variants share this sheet
Bobbin ETD 34 vertical 14-pin side-wrap (Norwe 90762-186),https://www.norwe.eu/katalogbilder/002/90762a01.pdf,refused,,,,,,ETD 34/v14/s-/SKYT.5220FR Clip FK-ETD 34,the panel draws 5 rows of pins - several footprint variants share this sheet
Bobbin ETD 39 vertical 16-pin side-wrap (Norwe 90764-186),https://www.norwe.eu/katalogbilder/002/90764a01.pdf,refused,,,,,,ETD 39/v16/s-/SKYT.5220FR Clip FK-ETD 39,the panel draws 6 rows of pins - several footprint variants share this sheet
Bobbin ETD 44 vertical 18-pin (Norwe 90646-186),https://www.norwe.eu/katalogbilder/002/90646a01.pdf,refused,,,,,,ETD 44/v18/-1/SKYT.5220FR Clip FK-ETD 44,"type code 'ETD 44/v18/-1/SKYT.5220FR Clip FK-ETD 44' says 18 pins, the drawing has 17 dots"
Bobbin ETD 44 vertical 18-pin flanged (Norwe 90630-186),https://www.norwe.eu/katalogbilder/002/90630a01.pdf,refused,,,,,,ETD 44/v18/fl/-1/SKYT.5220FR Clip FK-ETD 44,"type code 'ETD 44/v18/fl/-1/SKYT.5220FR Clip FK-ETD 44' says 18 pins, the drawing has 17 dots"
Bobbin ETD 44 vertical 18-pin side-wrap (Norwe 90766-186),https://www.norwe.eu/katalogbilder/002/90766a01.pdf,refused,,,,,,ETD 44/v18/s-/SKYT.5220FR Clip FK-ETD 44,the panel draws 6 rows of pins - several footprint variants share this sheet
Bobbin ETD 44 vertical 20-pin (Norwe N0003-186),https://www.norwe.eu/katalogbilder/002/n0003a01.pdf,refused,,,,,,ETD 44/v20/-1/SKYT.5220FR onrequest Clip FK-ETD 44,"type code 'ETD 44/v20/-1/SKYT.5220FR onrequest Clip FK-ETD 44' says 20 pins, the drawing has 19 dots"
Bobbin ETD 49 vertical 20-pin side-wrap (Norwe 90768-186),https://www.norwe.eu/katalogbilder/002/90768a01.pdf,refused,,,,,,ETD 49/v20/s-/SKYT.5220FR Clip FK-ETD 49,the panel draws 6 rows of pins - several footprint variants share this sheet
Bobbin ETD 54 horizontal 24-pin (Norwe 90800-186),https://www.norwe.eu/katalogbilder/002/90800a01.pdf,refused,,,,,,ETD 54/h24/-1/SKYT.5220FR Clip FK-ETD 54,the panel draws 4 rows of pins - several footprint variants share this sheet
Bobbin ETD 54 vertical 22-pin side-wrap (Norwe 90769-186),https://www.norwe.eu/katalogbilder/002/90769a01.pdf,refused,,,,,,ETD 54/v22/s-/SKYT.5220FR Clip FK-ETD 54,the panel draws 6 rows of pins - several footprint variants share this sheet
Bobbin ETD 59 horizontal 26-pin (Norwe 90801-186),https://www.norwe.eu/katalogbilder/002/90801a01.pdf,refused,,,,,,ETD 59/h26/-1/SKYT.5220FR Clip FK-ETD 59,the panel draws 4 rows of pins - several footprint variants share this sheet
Bobbin ETD 59 vertical 24-pin side-wrap (Norwe 90634-186),https://www.norwe.eu/katalogbilder/002/90634a01.pdf,refused,,,,,,ETD 59/v24/s-/SKYT.5220FR Clip FK-ETD 59,the panel draws 6 rows of pins - several footprint variants share this sheet
Bobbin M 20 vertical 8-pin 5.0mm (Norwe 00160-024),https://www.norwe.eu/katalogbilder/001/00160a01.pdf,refused,,,,,,M 20/1k/3-8/5.0-ee/p6g on request,"record says 8 pins, the drawing has 6"
Bobbin M 20 vertical 8-pin 5.0mm 2-chamber (Norwe 00161-024),https://www.norwe.eu/katalogbilder/001/00160a01.pdf,refused,,,,,,M 20/1k/3-8/5.0-ee/p6g on request,"record says 8 pins, the drawing has 6"
Bobbin M 20 vertical 8-pin 5.0mm-9 (Norwe N0114-106),https://www.norwe.eu/katalogbilder/001/n0114a01.pdf,refused,,,,,,M 20/1k/9-8/5.0-ee/A RV250 nat. N0114-106 onrequest Spring-Clip SB-EF/E 20,"record says 8 pins, the drawing has 6"
Bobbin M 20 vertical 8-pin 5.0mm-9 2-chamber (Norwe N0115-106),https://www.norwe.eu/katalogbilder/001/n0114a01.pdf,refused,,,,,,M 20/2k/9-8/5.0-ee/A RV250 nat. N0115-106 onrequest,"record says 8 pins, the drawing has 6"
Bobbin PQ 20-16 6-pin (Norwe 90359-186),https://www.norwe.eu/katalogbilder/004/90359a01.pdf,refused,,,,,,PQ 20-16/1k/-6/ii/SKYT.5220FR 90359-186 on request,gap0 is not a whole number of grid steps
Bobbin PQ 20-16 6-pin 2-chamber (Norwe N0501-186),https://www.norwe.eu/katalogbilder/004/n0501a01.pdf,refused,,,,,,PQ 20-16/2k/-6/ii/SKYT.5220FR N0501-186 onrequest,gap0 is not a whole number of grid steps
Bobbin PQ 20-16 6-pin 3.81/2.54mm (Norwe 90360-186),https://www.norwe.eu/katalogbilder/004/90360a01.pdf,refused,,,,,,PQ 20-16/1k/-6/3.81-2.54-ii/SKYT.5220FR 90360-186 on request,gap0 is not a whole number of grid steps
Bobbin PQ 20-16 6-pin 3.81/2.54mm 2-chamber (Norwe N0502-186),https://www.norwe.eu/katalogbilder/004/n0502a01.pdf,refused,,,,,,PQ 20-16/2k/-6/3.81-2.54-ii/SKYT.5220FR N0502-186 onrequest,gap0 is not a whole number of grid steps
Bobbin PQ 20-20 6-pin (Norwe 90361-186),https://www.norwe.eu/katalogbilder/004/90361a01.pdf,refused,,,,,,PQ 20-20/1k/-6/ii/SKYT.5220FR 90361-186 on request,gap0 is not a whole number of grid steps
Bobbin PQ 20-20 6-pin 2-chamber (Norwe N0503-186),https://www.norwe.eu/katalogbilder/004/n0503a01.pdf,refused,,,,,,PQ 20-20/2k/-6/ii/SKYT.5220FR N0503-186 onrequest,gap0 is not a whole number of grid steps
Bobbin PQ 20-20 6-pin 3.81/2.54mm (Norwe 90362-186),https://www.norwe.eu/katalogbilder/004/90362a01.pdf,refused,,,,,,PQ 20-20/1k/-6/3.81-2.54-ii/SKYT.5220FR 90362-186 on request,gap0 is not a whole number of grid steps
Bobbin PQ 20-20 6-pin 3.81/2.54mm 2-chamber (Norwe N0504-186),https://www.norwe.eu/katalogbilder/004/n0504a01.pdf,refused,,,,,,PQ 20-20/2k/-6/3.81-2.54-ii/SKYT.5220FR N0504-186 onrequest,gap0 is not a whole number of grid steps
Bobbin PQ 26-20 8-pin (Norwe 90364-186),https://www.norwe.eu/katalogbilder/004/90364a01.pdf,refused,,,,,,PQ 26-20/1k/-8/jk/SKYT.5220FR 90364-186 on request,gap0 is not a whole number of grid steps
Bobbin PQ 26-20 8-pin 2-chamber (Norwe N0505-186),https://www.norwe.eu/katalogbilder/004/n0505a01.pdf,refused,,,,,,PQ 26-20/2k/-8/jk/SKYT.5220FR N0505-186 onrequest,gap0 is not a whole number of grid steps
Bobbin PQ 26-25 8-pin (Norwe 90365-186),https://www.norwe.eu/katalogbilder/004/90365a01.pdf,refused,,,,,,PQ 26-25/1k/-8/jk/SKYT.5220FR 90365-186 on request,gap0 is not a whole number of grid steps
Bobbin PQ 26-25 8-pin 2-chamber (Norwe N0506-186),https://www.norwe.eu/katalogbilder/004/n0506a01.pdf,refused,,,,,,PQ 26-25/2k/-8/jk/SKYT.5220FR N0506-186 onrequest,gap0 is not a whole number of grid steps
Bobbin PQ 35-25 8-pin (Norwe 90368-186),https://www.norwe.eu/katalogbilder/004/90368a01.pdf,refused,,,,,,PQ 35-25/1k/-8/mo/SKYT.5220FR 90368-186 on request,the panel draws 3 rows of pins - several footprint variants share this sheet
Bobbin PQ 35-25 8-pin 2-chamber (Norwe N0508-186),https://www.norwe.eu/katalogbilder/004/n0508a01.pdf,refused,,,,,,PQ 35-25/2k/-8/mo/SKYT.5220FR N0508-186 onrequest,the panel draws 3 rows of pins - several footprint variants share this sheet
Bobbin PQ 35-35 8-pin (Norwe 90369-186),https://www.norwe.eu/katalogbilder/004/90369a01.pdf,refused,,,,,,PQ 35-35/1k/-8/mo/SKYT.5220FR 90369-186 on request,the panel draws 3 rows of pins - several footprint variants share this sheet
Bobbin PQ 35-35 8-pin 2-chamber (Norwe N0509-186),https://www.norwe.eu/katalogbilder/004/n0509a01.pdf,refused,,,,,,PQ 35-35/2k/-8/mo/SKYT.5220FR N0509-186 onrequest,the panel draws 3 rows of pins - several footprint variants share this sheet
Bobbin PQ 50-50 8-pin (Norwe N0516-186),https://www.norwe.eu/katalogbilder/004/n0516a01.pdf,refused,,,,,,PQ 50-50/1k/-8/ss/SKYT.5220FR N0516-186 onrequest on request,the panel draws 3 rows of pins - several footprint variants share this sheet
Bobbin PQ 50-50 8-pin 2-chamber (Norwe N0513-186),https://www.norwe.eu/katalogbilder/004/n0513a01.pdf,refused,,,,,,PQ 50-50/2k/-8/ss/SKYT.5220FR N0513-186 onrequest,the panel draws 3 rows of pins - several footprint variants share this sheet
Bobbin RM 10 12-pin solder-tags mF (Norwe 90077-087),https://www.norwe.eu/katalogbilder/003/90077a01.pdf,refused,,,,,,RM 10/mF/1k/12-s/il/rtg 90077-087,the panel draws 3 rows of pins - several footprint variants share this sheet
Bobbin RM 10 45-degree power 6-pin (Norwe 60108-132),https://www.norwe.eu/katalogbilder/003/60108a01.pdf,refused,,,,,,RM 10/1k/12-6/torA504 60108-132,the pin field is 6x6; which axis is a row is ambiguous
Bobbin RM 10 45-degree power 6-pin 2-chamber (Norwe 60208-132),https://www.norwe.eu/katalogbilder/003/60108a01.pdf,refused,,,,,,RM 10/2k/12-6/torA504 60208-132,the pin field is 6x6; which axis is a row is ambiguous
Bobbin RM 10 8-pin DIP mF (Norwe 90072-087),https://www.norwe.eu/katalogbilder/003/90072a01.pdf,refused,,,,,,RM 10/mF/1k/12-8/il/rtg 90072-087,the panel draws 3 rows of pins - several footprint variants share this sheet
Bobbin RM 10-LP 8-pin DIP mF (Norwe 60123-087),https://www.norwe.eu/katalogbilder/003/60123a01.pdf,refused,,,,,,RM 10-LP/mF/1k/12-8/il/rtg 60123-087,the panel draws 3 rows of pins - several footprint variants share this sheet
Bobbin RM 12 12-pin solder-tags mF (Norwe 90078-087),https://www.norwe.eu/katalogbilder/003/90078a01.pdf,refused,,,,,,RM 12/mF/1k/12-s/kn/rtg 90078-087,the panel draws 3 rows of pins - several footprint variants share this sheet
Bobbin RM 12 45-degree power 8-pin (Norwe 60110-132),https://www.norwe.eu/katalogbilder/003/60110a01.pdf,refused,,,,,,RM 12/1k/12-8/torA504 60110-132,the pin field is 8x8; which axis is a row is ambiguous
Bobbin RM 12 45-degree power 8-pin 2-chamber (Norwe 60210-132),https://www.norwe.eu/katalogbilder/003/60110a01.pdf,refused,,,,,,RM 12/2k/12-8/torA504 60210-132,the pin field is 8x8; which axis is a row is ambiguous
Bobbin RM 12 8-pin DIP mF (Norwe 90073-087),https://www.norwe.eu/katalogbilder/003/90073a01.pdf,refused,,,,,,RM 12/mF/1k/12-8/kn/rtg 90073-087,the panel draws 3 rows of pins - several footprint variants share this sheet
Bobbin RM 12-LP 8-pin DIP mF (Norwe N0141-087),https://www.norwe.eu/katalogbilder/003/n0141a01.pdf,refused,,,,,,RM 12-LP/mF/1k/12-8/kn/rtg N0141-087,the panel draws 3 rows of pins - several footprint variants share this sheet
Bobbin RM 14 12-pin solder-tags mF (Norwe 90079-087),https://www.norwe.eu/katalogbilder/003/90079a01.pdf,refused,,,,,,RM 14/mF/1k/12-s/lo/rtg 90079-087,the panel draws 5 rows of pins - several footprint variants share this sheet
Bobbin RM 14 45-degree power 8-pin (Norwe 60112-132),https://www.norwe.eu/katalogbilder/003/60112a01.pdf,refused,,,,,,RM 14/1k/12-8/torA504 60112-132,the pin field is 11x11; which axis is a row is ambiguous
Bobbin RM 14 45-degree power 8-pin 2-chamber (Norwe 60212-132),https://www.norwe.eu/katalogbilder/003/60112a01.pdf,refused,,,,,,RM 14/2k/12-8/torA504 60212-132,the pin field is 11x11; which axis is a row is ambiguous
Bobbin RM 14 8-pin DIP mF (Norwe 90074-087),https://www.norwe.eu/katalogbilder/003/90074a01.pdf,refused,,,,,,RM 14/mF/1k/12-8/lo/rtg 90074-087,the panel draws 4 rows of pins - several footprint variants share this sheet
Bobbin RM 14-LP 8-pin DIP mF (Norwe 60125-087),https://www.norwe.eu/katalogbilder/003/60125a01.pdf,refused,,,,,,RM 14-LP/mF/1k/12-8/lo/rtg 60125-087,the panel draws 4 rows of pins - several footprint variants share this sheet
Bobbin RM 4 45-degree power 6-pin (Norwe 60100-132),https://www.norwe.eu/katalogbilder/003/60100a01.pdf,refused,,,,,,RM 4/1k/6-6/torA504 60100-132,the pin field is 4x4; which axis is a row is ambiguous
Bobbin RM 4 45-degree power 6-pin 2-chamber (Norwe 60200-132),https://www.norwe.eu/katalogbilder/003/60100a01.pdf,refused,,,,,,RM 4/2k/6-6/torA504 60200-132,the pin field is 4x4; which axis is a row is ambiguous
Bobbin RM 5 45-degree 4-pin solder-tags (Norwe 60150-047),https://www.norwe.eu/katalogbilder/003/60150a01.pdf,refused,,,,,,RM 5/1k/4-s/pcg 60150-047,the pin field is 4x4; which axis is a row is ambiguous
Bobbin RM 5 45-degree 4-pin solder-tags 2-chamber (Norwe 60151-047),https://www.norwe.eu/katalogbilder/003/60150a01.pdf,refused,,,,,,RM 5/2k/4-s/pcg 60151-047,the pin field is 4x4; which axis is a row is ambiguous
Bobbin RM 5 45-degree power 6-pin (Norwe 60102-132),https://www.norwe.eu/katalogbilder/003/60102a01.pdf,refused,,,,,,RM 5/1k/6-6/torA504 60102-132,the pin field is 4x4; which axis is a row is ambiguous
Bobbin RM 5 45-degree power 6-pin 2-chamber (Norwe 60202-132),https://www.norwe.eu/katalogbilder/003/60102a01.pdf,refused,,,,,,RM 5/2k/6-6/torA504 60202-132,the pin field is 4x4; which axis is a row is ambiguous
Bobbin RM 6 45-degree 4-pin solder-tags (Norwe 60170-047),https://www.norwe.eu/katalogbilder/003/60170a01.pdf,refused,,,,,,RM 6/1k/4-s/pcg 60170-047,the pin field is 4x4; which axis is a row is ambiguous
Bobbin RM 6 45-degree 4-pin solder-tags 2-chamber (Norwe 60171-047),https://www.norwe.eu/katalogbilder/003/60170a01.pdf,refused,,,,,,RM 6/2k/4-s/pcg 60171-047,the pin field is 4x4; which axis is a row is ambiguous
Bobbin RM 6 45-degree 6-pin solder-tags (Norwe 60190-047),https://www.norwe.eu/katalogbilder/003/60190a01.pdf,refused,,,,,,RM 6/1k/6-s/pcg 60190-047,the pin field is 6x6; which axis is a row is ambiguous
Bobbin RM 6 45-degree 6-pin solder-tags 2-chamber (Norwe 60191-047),https://www.norwe.eu/katalogbilder/003/60190a01.pdf,refused,,,,,,RM 6/2k/6-s/pcg 60191-047,the pin field is 6x6; which axis is a row is ambiguous
Bobbin RM 6 45-degree power 6-pin (Norwe 60104-132),https://www.norwe.eu/katalogbilder/003/60104a01.pdf,refused,,,,,,RM 6/1k/6-6/torA504 60104-132,the pin field is 4x4; which axis is a row is ambiguous
Bobbin RM 6 45-degree power 6-pin 2-chamber (Norwe 60204-132),https://www.norwe.eu/katalogbilder/003/60104a01.pdf,refused,,,,,,RM 6/2k/6-6/torA504 60204-132,the pin field is 4x4; which axis is a row is ambiguous
Bobbin RM 6 8-pin DIP (Norwe 90070-087),https://www.norwe.eu/katalogbilder/003/90070a01.pdf,refused,,,,,,RM 6/1k/8-8/fg/rtg 90070-087,the panel draws 3 rows of pins - several footprint variants share this sheet
Bobbin RM 6 8-pin DIP mF (Norwe 90123-024),https://www.norwe.eu/katalogbilder/003/90123a01.pdf,refused,,,,,,RM 6/mF/1k/8-8/fg/p6g 90123-024,the panel draws 3 rows of pins - several footprint variants share this sheet
Bobbin RM 6 8-pin solder-tags (Norwe 90075-087),https://www.norwe.eu/katalogbilder/003/90075a01.pdf,refused,,,,,,RM 6/1k/8-s/fg/rtg 90075-087,the panel draws 3 rows of pins - several footprint variants share this sheet
Bobbin RM 6 8-pin solder-tags mF (Norwe 90122-024),https://www.norwe.eu/katalogbilder/003/90122a01.pdf,refused,,,,,,RM 6/mF/1k/8-s/fg/p6g 90122-024,the panel draws 3 rows of pins - several footprint variants share this sheet
Bobbin RM 6 special 8-pin (Norwe 90031-024),https://www.norwe.eu/katalogbilder/003/90031a01.pdf,refused,,,,,,RM 6/1k/12-8/p6g 90031-024,the pin-side panel dimensions nothing
Bobbin RM 6 special 8-pin 20-winding (Norwe 90032-024),https://www.norwe.eu/katalogbilder/003/90032a01.pdf,refused,,,,,,RM 6/1k/20-8/p6g 90032-024,the pin-side panel dimensions nothing
Bobbin RM 6-LP 8-pin DIP (Norwe 60120-087),https://www.norwe.eu/katalogbilder/003/60120a01.pdf,refused,,,,,,RM 6-LP/1k/8-8/fg/rtg 60120-087,the panel draws 3 rows of pins - several footprint variants share this sheet
Bobbin RM 6-LP 8-pin DIP mF (Norwe N0140-087),https://www.norwe.eu/katalogbilder/003/n0140a01.pdf,refused,,,,,,RM 6-LP/mF/1k/8-8/fg/rtg N0140-087,the panel draws 3 rows of pins - several footprint variants share this sheet
Bobbin RM 7 12-pin solder-tags (Norwe 90102-181),https://www.norwe.eu/katalogbilder/003/90102a01.pdf,refused,,,,,,RM 7/1k/12-s/ii/A3X2G10 90102-181,the panel draws 3 rows of pins - several footprint variants share this sheet
Bobbin RM 7-LP 12-pin solder-tags (Norwe N0142-181),https://www.norwe.eu/katalogbilder/003/n0142a01.pdf,refused,,,,,,RM 7-LP/1k/12-s/ii/A3X2G10 N0142-181,the panel draws 3 rows of pins - several footprint variants share this sheet
Bobbin RM 8 12-pin solder-tags (Norwe 90076-087),https://www.norwe.eu/katalogbilder/003/90076a01.pdf,refused,,,,,,RM 8/1k/12-s/ii/rtg 90076-087,the panel draws 3 rows of pins - several footprint variants share this sheet
Bobbin RM 8 12-pin solder-tags mF (Norwe 90284-087),https://www.norwe.eu/katalogbilder/003/90076a01.pdf,refused,,,,,,RM 8/mF/1k/12-s/ii/rtg 90284-087,the panel draws 3 rows of pins - several footprint variants share this sheet
Bobbin RM 8 45-degree power 6-pin (Norwe 60106-132),https://www.norwe.eu/katalogbilder/003/60106a01.pdf,refused,,,,,,RM 8/1k/12-6/torA504 60106-132,the pin field is 6x6; which axis is a row is ambiguous
Bobbin RM 8 45-degree power 6-pin 2-chamber (Norwe 60206-132),https://www.norwe.eu/katalogbilder/003/60106a01.pdf,refused,,,,,,RM 8/2k/12-6/torA504 60206-132,the pin field is 6x6; which axis is a row is ambiguous
Bobbin RM 8 8-pin DIP (Norwe 90071-087),https://www.norwe.eu/katalogbilder/003/90071a01.pdf,refused,,,,,,RM 8/1k/12-8/ii/rtg 90071-087,the panel draws 3 rows of pins - several footprint variants share this sheet
Bobbin RM 8 8-pin DIP mF (Norwe 90285-087),https://www.norwe.eu/katalogbilder/003/90071a01.pdf,refused,,,,,,RM 8/mF/1k/12-8/ii/rtg 90285-087,the panel draws 3 rows of pins - several footprint variants share this sheet
Bobbin RM 8 special 8-pin 20-winding (Norwe 90033-024),https://www.norwe.eu/katalogbilder/003/90033a01.pdf,refused,,,,,,RM 8/1k/20-8/p6g 90033-024,the pin-side panel dimensions nothing
Bobbin RM 8 special 8-pin 32-winding (Norwe 90034-024),https://www.norwe.eu/katalogbilder/003/90034a01.pdf,refused,,,,,,RM 8/1k/32-8/p6g 90034-024,the pin-side panel dimensions nothing
Bobbin RM 8-LP 8-pin DIP (Norwe 60122-087),https://www.norwe.eu/katalogbilder/003/60122a01.pdf,refused,,,,,,RM 8-LP/1k/12-8/ii/rtg 60122-087,the panel draws 3 rows of pins - several footprint variants share this sheet
