bobbin,numberChambers,status,W_mm,w_mm,c_mm,datasheetUrl
Bobbin EE 16 horizontal 6-pin 3.75mm 2-chamber (Norwe 92062-024),2,already carries exactly this geometry,10.0,1.0,4.5,https://www.norwe.eu/katalogbilder/001/92062a01.pdf
Bobbin EE 16 horizontal 6-pin 3.75mm 2-chamber Zen (Norwe 92062-243),2,already carries exactly this geometry,10.0,1.0,4.5,https://www.norwe.eu/katalogbilder/001/92062a01.pdf
Bobbin EE 16 horizontal longer-creepage 10-pin 2.5mm 2-chamber (Norwe 09864-106),2,already carries exactly this geometry,10.0,0.6,4.7,https://www.norwe.eu/katalogbilder/001/09864a01.pdf
Bobbin EE 16 horizontal longer-creepage 6-pin 3.81mm 2-chamber (Norwe 09874-106),2,already carries exactly this geometry,10.0,0.6,4.7,https://www.norwe.eu/katalogbilder/001/09874a01.pdf
Bobbin EE 16 vertical 6-pin 3.81mm 2-chamber (Norwe 09876-106),2,already carries exactly this geometry,10.0,0.6,4.7,https://www.norwe.eu/katalogbilder/001/09876a01.pdf
Bobbin EE 16 vertical longer-creepage 6-pin 3.75mm 2-chamber (Norwe 09886-106),2,already carries exactly this geometry,10.0,0.6,4.7,https://www.norwe.eu/katalogbilder/001/09886a01.pdf
Bobbin EE 16 vertical longer-creepage 8-pin 3.81mm 2-chamber (Norwe 09896-106),2,already carries exactly this geometry,10.0,0.6,4.7,https://www.norwe.eu/katalogbilder/001/09896a01.pdf
Bobbin EE 20 horizontal longer-creepage 8-pin 3.81mm 2-chamber (Norwe 09991-106),2,already carries exactly this geometry,12.5,0.6,5.95,https://www.norwe.eu/katalogbilder/001/09991a01.pdf
Bobbin EE 25 horizontal longer-creepage 10-pin 5.08mm 2-chamber (Norwe 10166-106),2,already carries exactly this geometry,15.6,0.7,7.45,https://www.norwe.eu/katalogbilder/001/10166a01.pdf
Bobbin ETD 24 horizontal lr 2-chamber 12-pin (Norwe 90596-186),2,already carries exactly this geometry,18.0,1.0,8.5,https://www.norwe.eu/katalogbilder/002/90596a01.pdf
Bobbin ETD 49 horizontal lr 2-chamber 20-pin (Norwe 90565-186),2,already carries exactly this geometry,32.8,1.0,15.9,https://www.norwe.eu/katalogbilder/002/90565a01.pdf
Bobbin PQ 32-20 12-pin 2-chamber (Norwe 90832-186),2,already carries exactly this geometry,8.8,1.0,3.9,https://www.norwe.eu/katalogbilder/004/90832a01.pdf
Bobbin PQ 32-30 12-pin 2-chamber (Norwe 90833-186),2,already carries exactly this geometry,18.6,1.0,8.8,https://www.norwe.eu/katalogbilder/004/90833a01.pdf
Bobbin EE 12.6 horizontal 6-pin 5mm 2-chamber-s (Norwe 09742-106),2,numberChambers only: no transcription (see WHAT IS NOT WRITTEN),,,,https://www.norwe.eu/katalogbilder/001/09740a01.pdf
Bobbin EE 20 horizontal 6-pin 2.5mm 2-chamber (Norwe N0105-106),2,numberChambers only: no transcription (see WHAT IS NOT WRITTEN),,,,https://www.norwe.eu/katalogbilder/001/10037a01.pdf
Bobbin EE 20 vertical 8-pin 5.0mm 2-chamber (Norwe 09931-024),2,numberChambers only: no transcription (see WHAT IS NOT WRITTEN),,,,https://www.norwe.eu/katalogbilder/001/09930a01.pdf
Bobbin EE 25 horizontal solder-tags ll 2-chamber (Norwe 10112-024),2,numberChambers only: no transcription (see WHAT IS NOT WRITTEN),,,,https://www.norwe.eu/katalogbilder/001/10110a01.pdf
Bobbin EE 25 horizontal solder-tags ll 3-chamber (Norwe 10113-024),3,numberChambers only: no transcription (see WHAT IS NOT WRITTEN),,,,https://www.norwe.eu/katalogbilder/001/10110a01.pdf
Bobbin EE 32 horizontal 12-pin 5.08mm 2-chamber-s (Norwe 10751-024),2,numberChambers only: no transcription (see WHAT IS NOT WRITTEN),,,,https://www.norwe.eu/katalogbilder/001/10750a01.pdf
Bobbin EFD 15 8-pin 3.75mm 3-chamber (Norwe N0180-087),3,numberChambers only: no transcription (see WHAT IS NOT WRITTEN),,,,https://www.norwe.eu/katalogbilder/008/94320a01.pdf
Bobbin EFD 15 8-pin 3.75mm 3-chamber (Norwe N0184-181),3,numberChambers only: no transcription (see WHAT IS NOT WRITTEN),,,,https://www.norwe.eu/katalogbilder/008/n0183a01.pdf
Bobbin EFD 20 6-pin 2.5mm 10-wire 3-chamber (Norwe N0182-087),3,numberChambers only: no transcription (see WHAT IS NOT WRITTEN),,,,https://www.norwe.eu/katalogbilder/008/94323a01.pdf
Bobbin EFD 20 6-pin 2.5mm 3-chamber (Norwe N0181-087),3,numberChambers only: no transcription (see WHAT IS NOT WRITTEN),,,,https://www.norwe.eu/katalogbilder/008/94322a01.pdf
Bobbin EFD 20 8-pin 2.5mm 10-wire 3-chamber (Norwe N0187-181),3,numberChambers only: no transcription (see WHAT IS NOT WRITTEN),,,,https://www.norwe.eu/katalogbilder/008/94321a01.pdf
Bobbin EFD 20 8-pin 2.5mm 3-chamber (Norwe 94803-181),3,numberChambers only: no transcription (see WHAT IS NOT WRITTEN),,,,https://www.norwe.eu/katalogbilder/008/94803a01.pdf
Bobbin EFD 25 6-pin 2.5mm 3-chamber (Norwe 94328-087),3,numberChambers only: no transcription (see WHAT IS NOT WRITTEN),,,,https://www.norwe.eu/katalogbilder/008/94324a01.pdf
Bobbin EFD 25 8-pin 2.5mm 3-chamber (Norwe N0188-181),3,numberChambers only: no transcription (see WHAT IS NOT WRITTEN),,,,https://www.norwe.eu/katalogbilder/008/94325a01.pdf
Bobbin EFD 30 6-pin 2.5mm 3-chamber (Norwe 94329-087),3,numberChambers only: no transcription (see WHAT IS NOT WRITTEN),,,,https://www.norwe.eu/katalogbilder/008/94326a01.pdf
Bobbin EFD 30 8-pin 2.5mm 3-chamber (Norwe N0189-181),3,numberChambers only: no transcription (see WHAT IS NOT WRITTEN),,,,https://www.norwe.eu/katalogbilder/008/94327a01.pdf
Bobbin EP 7 6-pin 2.54mm 2-chamber (Norwe 90083-087),2,numberChambers only: no transcription (see WHAT IS NOT WRITTEN),,,,https://www.norwe.eu/katalogbilder/009/90082a01.pdf
Bobbin ETD 59 horizontal lr 2-chamber 26-pin (Norwe N0013-186),2,numberChambers only: no transcription (see WHAT IS NOT WRITTEN),,,,https://www.norwe.eu/katalogbilder/002/n0012a01.pdf
Bobbin M 20 horizontal solder-tags ll 3-chamber (Norwe N0108-024),3,numberChambers only: no transcription (see WHAT IS NOT WRITTEN),,,,https://www.norwe.eu/katalogbilder/001/00130a01.pdf
Bobbin M 20 vertical 8-pin 5.0mm-9 2-chamber (Norwe N0115-106),2,numberChambers only: no transcription (see WHAT IS NOT WRITTEN),,,,https://www.norwe.eu/katalogbilder/001/n0114a01.pdf
Bobbin RM 10 45-degree power 6-pin 2-chamber (Norwe 60208-132),2,numberChambers only: no transcription (see WHAT IS NOT WRITTEN),,,,https://www.norwe.eu/katalogbilder/003/60108a01.pdf
Bobbin RM 12 45-degree power 8-pin 2-chamber (Norwe 60210-132),2,numberChambers only: no transcription (see WHAT IS NOT WRITTEN),,,,https://www.norwe.eu/katalogbilder/003/60110a01.pdf
Bobbin RM 14 45-degree power 8-pin 2-chamber (Norwe 60212-132),2,numberChambers only: no transcription (see WHAT IS NOT WRITTEN),,,,https://www.norwe.eu/katalogbilder/003/60112a01.pdf
Bobbin RM 4 45-degree power 6-pin 2-chamber (Norwe 60200-132),2,numberChambers only: no transcription (see WHAT IS NOT WRITTEN),,,,https://www.norwe.eu/katalogbilder/003/60100a01.pdf
Bobbin RM 5 45-degree 4-pin solder-tags 2-chamber (Norwe 60151-047),2,numberChambers only: no transcription (see WHAT IS NOT WRITTEN),,,,https://www.norwe.eu/katalogbilder/003/60150a01.pdf
Bobbin RM 5 45-degree power 6-pin 2-chamber (Norwe 60202-132),2,numberChambers only: no transcription (see WHAT IS NOT WRITTEN),,,,https://www.norwe.eu/katalogbilder/003/60102a01.pdf
Bobbin RM 6 45-degree 4-pin solder-tags 2-chamber (Norwe 60171-047),2,numberChambers only: no transcription (see WHAT IS NOT WRITTEN),,,,https://www.norwe.eu/katalogbilder/003/60170a01.pdf
Bobbin RM 6 45-degree 6-pin solder-tags 2-chamber (Norwe 60191-047),2,numberChambers only: no transcription (see WHAT IS NOT WRITTEN),,,,https://www.norwe.eu/katalogbilder/003/60190a01.pdf
Bobbin RM 6 45-degree power 6-pin 2-chamber (Norwe 60204-132),2,numberChambers only: no transcription (see WHAT IS NOT WRITTEN),,,,https://www.norwe.eu/katalogbilder/003/60104a01.pdf
Bobbin RM 8 45-degree power 6-pin 2-chamber (Norwe 60206-132),2,numberChambers only: no transcription (see WHAT IS NOT WRITTEN),,,,https://www.norwe.eu/katalogbilder/003/60106a01.pdf
Bobbin EE 10 horizontal 8-pin 2-chamber (Norwe N0100-106),2,written,5.7,0.5,2.6,https://www.norwe.eu/katalogbilder/001/09650a01.pdf
Bobbin EE 12.6 horizontal 10-pin 2.54mm 2-chamber (Norwe 09771-106),2,written,7.5,0.6,3.45,https://www.norwe.eu/katalogbilder/001/09770a01.pdf
Bobbin EE 12.6 horizontal 6-pin 3.81mm 2-chamber (Norwe N0098-106),2,written,7.5,0.6,3.45,https://www.norwe.eu/katalogbilder/001/n0098a01.pdf
Bobbin EE 12.6 horizontal 6-pin 5mm 2-chamber (Norwe 09741-106),2,written,7.1,0.6,3.25,https://www.norwe.eu/katalogbilder/001/09740a01.pdf
Bobbin EE 12.6 horizontal 8-pin 2-chamber (Norwe 09751-047),2,written,7.3,0.55,3.375,https://www.norwe.eu/katalogbilder/001/09750a01.pdf
Bobbin EE 12.6 horizontal longer-creepage 10-pin 2.54mm 2-chamber (Norwe N0137-106),2,written,7.5,0.6,3.45,https://www.norwe.eu/katalogbilder/001/n0137a01.pdf
Bobbin EE 12.6 horizontal longer-creepage 6-pin 3.81mm 2-chamber (Norwe N0139-106),2,written,7.5,0.6,3.45,https://www.norwe.eu/katalogbilder/001/n0139a01.pdf
Bobbin EE 12.6 horizontal side-wrap 2.54mm 2-chamber (Norwe 92183-106),2,written,7.3,0.6,3.35,https://www.norwe.eu/katalogbilder/001/92198a01.pdf
Bobbin EE 12.6 vertical 6-pin 3.81mm 2-chamber (Norwe 09786-106),2,written,7.5,0.6,3.45,https://www.norwe.eu/katalogbilder/001/09785a01.pdf
Bobbin EE 12.6 vertical longer-creepage 6-pin 3.81mm 2-chamber (Norwe N0176-106),2,written,7.5,0.6,3.45,https://www.norwe.eu/katalogbilder/001/n0176a01.pdf
Bobbin EE 16 horizontal 10-pin 2.5mm 2-chamber (Norwe 09824-106),2,written,10.0,0.6,4.7,https://www.norwe.eu/katalogbilder/001/09823a01.pdf
Bobbin EE 16 horizontal 6-pin 3.81mm 2-chamber (Norwe N0102-106),2,written,10.0,0.6,4.7,https://www.norwe.eu/katalogbilder/001/n0101a01.pdf
Bobbin EE 16 horizontal 6-pin 5.0mm 2-chamber (Norwe 09851-024),2,written,9.9,0.6,4.65,https://www.norwe.eu/katalogbilder/001/09850a01.pdf
Bobbin EE 16 horizontal 8-pin 3.81mm-de 2-chamber (Norwe 09868-106),2,written,10.0,0.6,4.7,https://www.norwe.eu/katalogbilder/001/09867a01.pdf
Bobbin EE 16 vertical 6-pin 3.75mm 2-chamber (Norwe 09841-024),2,written,9.9,0.5,4.7,https://www.norwe.eu/katalogbilder/001/09840a01.pdf
Bobbin EE 16 vertical 6-pin 3.75mm-4 2-chamber (Norwe 92246-106),2,written,10.0,0.5,4.75,https://www.norwe.eu/katalogbilder/001/92245a01.pdf
Bobbin EE 16 vertical 6-pin 3.75mm-9 2-chamber (Norwe 09848-106),2,written,10.0,0.6,4.7,https://www.norwe.eu/katalogbilder/001/09847a01.pdf
Bobbin EE 20 horizontal 10-pin 3.81mm 2-chamber (Norwe 09986-106),2,written,12.5,0.6,5.95,https://www.norwe.eu/katalogbilder/001/09985a01.pdf
Bobbin EE 20 horizontal 6-pin 2.5mm x2g5 2-chamber (Norwe 10046-017),2,written,12.4,0.6,5.9,https://www.norwe.eu/katalogbilder/001/10045a01.pdf
Bobbin EE 20 horizontal 6-pin 2.5mm-f 2-chamber (Norwe 10051-106),2,written,12.4,0.6,5.9,https://www.norwe.eu/katalogbilder/001/10050a01.pdf
Bobbin EE 20 horizontal 6-pin 2.5mm-g 2-chamber (Norwe 10056-106),2,written,12.4,0.6,5.9,https://www.norwe.eu/katalogbilder/001/10055a01.pdf
Bobbin EE 20 horizontal 6-pin 5.0mm 2-chamber (Norwe 09971-024),2,written,11.8,0.6,5.6,https://www.norwe.eu/katalogbilder/001/09970a01.pdf
Bobbin EE 20 horizontal 8-pin 5.0mm 2-chamber (Norwe 09951-024),2,written,12.4,0.6,5.9,https://www.norwe.eu/katalogbilder/001/09950a01.pdf
Bobbin EE 20 horizontal 8-pin 5.0mm 2-chamber (Norwe N0104-106),2,written,12.5,0.6,5.95,https://www.norwe.eu/katalogbilder/001/n0103a01.pdf
Bobbin EE 20 horizontal 8-pin 5.0mm-a 2-chamber (Norwe 92038-024),2,written,12.4,0.6,5.9,https://www.norwe.eu/katalogbilder/001/92059a01.pdf
Bobbin EE 20 horizontal 8-pin 5.0mm-b 2-chamber (Norwe 09977-106),2,written,11.8,0.6,5.6,https://www.norwe.eu/katalogbilder/001/09976a01.pdf
Bobbin EE 20 horizontal 8-pin 5.0mm-gg 2-chamber (Norwe 09979-024),2,written,11.8,0.6,5.6,https://www.norwe.eu/katalogbilder/001/09978a01.pdf
Bobbin EE 20 horizontal solder-tags 2-chamber (Norwe 09921-024),2,written,12.3,0.6,5.85,https://www.norwe.eu/katalogbilder/001/09920a01.pdf
Bobbin EE 20 vertical 10-pin 3.81mm 2-chamber (Norwe 09988-106),2,written,12.5,0.6,5.95,https://www.norwe.eu/katalogbilder/001/09987a01.pdf
Bobbin EE 20 vertical 8-pin 5.0mm-9 2-chamber (Norwe 09947-106),2,written,12.5,0.6,5.95,https://www.norwe.eu/katalogbilder/001/09946a01.pdf
Bobbin EE 20 vertical longer-creepage 8-pin 3.81mm 2-chamber (Norwe N0199-106),2,written,12.5,0.6,5.95,https://www.norwe.eu/katalogbilder/001/10043a01.pdf
Bobbin EE 20 vertical longer-creepage 8-pin 5.0mm 2-chamber (Norwe N0197-106),2,written,12.5,0.6,5.95,https://www.norwe.eu/katalogbilder/001/n0197a01.pdf
Bobbin EE 25 horizontal 10-pin 5.08mm 2-chamber (Norwe 10221-024),2,written,15.5,0.8,7.35,https://www.norwe.eu/katalogbilder/001/10220a01.pdf
Bobbin EE 25 horizontal 10-pin 5.08mm-a 2-chamber (Norwe 10227-024),2,written,15.5,0.7,7.4,https://www.norwe.eu/katalogbilder/001/10225a01.pdf
Bobbin EE 25 horizontal 10-pin 5.08mm-b 2-chamber (Norwe 10176-106),2,written,15.6,0.7,7.45,https://www.norwe.eu/katalogbilder/001/10175a01.pdf
Bobbin EE 25 horizontal 8-pin 5.0mm 2-chamber (Norwe 10173-024),2,written,15.5,0.8,7.35,https://www.norwe.eu/katalogbilder/001/10172a01.pdf
Bobbin EE 25 horizontal 8-pin 5.0mm-gi 2-chamber (Norwe 10186-024),2,written,15.6,0.6,7.5,https://www.norwe.eu/katalogbilder/001/10185a01.pdf
Bobbin EE 25 vertical 6-pin 5.0mm-a5 2-chamber (Norwe 10162-024),2,written,15.5,0.8,7.35,https://www.norwe.eu/katalogbilder/001/10151a01.pdf
Bobbin EE 25 vertical 8-pin 7.5mm 2-chamber (Norwe 10341-106),2,written,15.5,1.5,7.0,https://www.norwe.eu/katalogbilder/001/10340a01.pdf
Bobbin EE 25 vertical longer-creepage 10-pin 5.08mm 2-chamber (Norwe N0203-106),2,written,15.5,0.8,7.35,https://www.norwe.eu/katalogbilder/001/n0203a01.pdf
Bobbin EE 32 horizontal 12-pin 5.08mm 2-chamber (Norwe 10752-024),2,written,20.3,1.0,9.65,https://www.norwe.eu/katalogbilder/001/10750a01.pdf
Bobbin EE 32 horizontal 14-pin 5.08mm-mk 2-chamber (Norwe 10568-106),2,written,20.1,0.9,9.6,https://www.norwe.eu/katalogbilder/001/10567a01.pdf
Bobbin EP 10 8-pin 2.54mm 2-chamber (Norwe 90085-087),2,written,5.8,1.0,2.4,https://www.norwe.eu/katalogbilder/009/90084a01.pdf
Bobbin EP 13 10-pin 2.54mm 2-chamber (Norwe 90063-087),2,written,7.6,1.0,3.3,https://www.norwe.eu/katalogbilder/009/90062a01.pdf
Bobbin EP 17 8-pin 5.08mm 2-chamber (Norwe 90068-087),2,written,9.4,1.0,4.2,https://www.norwe.eu/katalogbilder/009/90067a01.pdf
Bobbin EP 17 8-pin 5.08mm 2-chamber (Norwe N0200-087),2,written,9.4,1.0,4.2,https://www.norwe.eu/katalogbilder/009/90067a01.pdf
Bobbin EP 20 10-pin 5.08mm 2-chamber (Norwe 90087-087),2,written,12.3,1.1,5.6,https://www.norwe.eu/katalogbilder/009/90086a01.pdf
Bobbin EP 20 10-pin 5.08mm 2-chamber (Norwe N0201-087),2,written,12.3,1.1,5.6,https://www.norwe.eu/katalogbilder/009/90086a01.pdf
Bobbin ETD 19 horizontal lr 2-chamber 10-pin (Norwe N0002-186),2,written,16.4,1.0,7.7,https://www.norwe.eu/katalogbilder/002/n0001a01.pdf
Bobbin ETD 29 horizontal lr 2-chamber 12-pin (Norwe N0006-186),2,written,19.0,1.0,9.0,https://www.norwe.eu/katalogbilder/002/n0005a01.pdf
Bobbin ETD 29 horizontal lr 2-chamber 13-pin (Norwe 90597-186),2,written,19.0,1.0,9.0,https://www.norwe.eu/katalogbilder/002/90572a01.pdf
Bobbin ETD 29 horizontal lr 2-chamber 14-pin (Norwe 90598-186),2,written,19.0,1.0,9.0,https://www.norwe.eu/katalogbilder/002/90573a01.pdf
Bobbin ETD 34 horizontal lr 2-chamber 14-pin (Norwe 90599-186),2,written,21.0,1.0,10.0,https://www.norwe.eu/katalogbilder/002/90574a01.pdf
Bobbin ETD 39 horizontal lr 2-chamber 16-pin (Norwe 90600-186),2,written,25.8,1.0,12.4,https://www.norwe.eu/katalogbilder/002/90575a01.pdf
Bobbin ETD 44 horizontal lr 2-chamber 18-pin (Norwe 90601-186),2,written,29.6,1.0,14.3,https://www.norwe.eu/katalogbilder/002/90576a01.pdf
Bobbin ETD 54 horizontal lr 2-chamber 24-pin (Norwe N0011-186),2,written,37.0,1.0,18.0,https://www.norwe.eu/katalogbilder/002/n0010a01.pdf
Bobbin M 20 horizontal 8-pin 5.08mm 2-chamber (Norwe 00223-024),2,written,10.8,0.7,5.05,https://www.norwe.eu/katalogbilder/001/00222a01.pdf
Bobbin M 20 horizontal 8-pin 5.0mm 2-chamber (Norwe 00221-024),2,written,10.8,0.7,5.05,https://www.norwe.eu/katalogbilder/001/00220a01.pdf
Bobbin M 20 horizontal solder-tags 2-chamber (Norwe N0241-024),2,written,10.8,1.0,4.9,https://www.norwe.eu/katalogbilder/001/n0241a01.pdf
Bobbin M 20 vertical 8-pin 5.0mm 2-chamber (Norwe 00161-024),2,written,10.9,0.7,5.1,https://www.norwe.eu/katalogbilder/001/00160a01.pdf
Bobbin M 30a vertical 12-pin 5.08mm 2-chamber (Norwe N0116-106),2,written,17.4,0.8,8.3,https://www.norwe.eu/katalogbilder/001/00635a01.pdf
Bobbin M 30a vertical 6-pin 7.5mm 2-chamber (Norwe 00631-106),2,written,17.5,0.8,8.35,https://www.norwe.eu/katalogbilder/001/00630a01.pdf
Bobbin M 42 vertical 12-pin 5.0mm 2-chamber (Norwe 01421-024),2,written,25.9,1.0,12.45,https://www.norwe.eu/katalogbilder/001/01420a01.pdf
Bobbin PQ 20-16 6-pin 2-chamber (Norwe N0501-186),2,written,8.0,0.8,3.6,https://www.norwe.eu/katalogbilder/004/n0501a01.pdf
Bobbin PQ 20-16 6-pin 3.81/2.54mm 2-chamber (Norwe N0502-186),2,written,8.0,0.8,3.6,https://www.norwe.eu/katalogbilder/004/n0502a01.pdf
Bobbin PQ 20-20 6-pin 2-chamber (Norwe N0503-186),2,written,12.0,1.0,5.5,https://www.norwe.eu/katalogbilder/004/n0503a01.pdf
Bobbin PQ 20-20 6-pin 3.81/2.54mm 2-chamber (Norwe N0504-186),2,written,12.0,1.0,5.5,https://www.norwe.eu/katalogbilder/004/n0504a01.pdf
Bobbin PQ 26-20 8-pin 2-chamber (Norwe N0505-186),2,written,9.0,1.0,4.0,https://www.norwe.eu/katalogbilder/004/n0505a01.pdf
Bobbin PQ 26-25 8-pin 2-chamber (Norwe N0506-186),2,written,13.9,1.0,6.45,https://www.norwe.eu/katalogbilder/004/n0506a01.pdf
Bobbin PQ 35-25 8-pin 2-chamber (Norwe N0508-186),2,written,12.5,1.0,5.75,https://www.norwe.eu/katalogbilder/004/n0508a01.pdf
Bobbin PQ 35-35 8-pin 2-chamber (Norwe N0509-186),2,written,22.3,1.0,10.65,https://www.norwe.eu/katalogbilder/004/n0509a01.pdf
Bobbin PQ 40-40 12-pin 2-chamber (Norwe N0510-186),2,written,26.8,1.0,12.9,https://www.norwe.eu/katalogbilder/004/n0510a01.pdf
Bobbin PQ 50-40 2-chamber (Norwe N0511-186),2,written,23.6,1.1,11.25,https://www.norwe.eu/katalogbilder/004/n0511a01.pdf
Bobbin PQ 50-50 2-chamber (Norwe N0512-186),2,written,32.8,1.1,15.85,https://www.norwe.eu/katalogbilder/004/n0512a01.pdf
Bobbin PQ 50-50 8-pin 2-chamber (Norwe N0513-186),2,written,32.8,1.1,15.85,https://www.norwe.eu/katalogbilder/004/n0513a01.pdf
